<report date="Mon Feb 20 06:52:18 PST 2017"><problems><problem id="5567" severity="700" message="problem.missing.class" class="com.aexp.cicdmainframe.hpuftintegration.authetication.AuthenticationDetails">There was a class (com.sun.jersey.api.json.JSONWithPadding) that could not be found on the classpath.<diagnostic type="string" string="com.sun.jersey.api.json.JSONWithPadding" /></problem><problem id="5568" severity="252" message="problem.overly.mocked.all">The test generator had difficulty constructing many of the objects required for testing and had to use "aggressive mocking" to achieve some of the coverage.  52.5% of the total coverage comes from these tests. This is not necessarily a problem but the tests might be more readable and effective if real objects were provided. <diagnostic type="fraction" numerator="32" denominator="61" number="0.5245901639344263" string="32/61 (52.46%)" /></problem><problem id="5575" severity="215" message="problem.overly.mocked" class="com.aexp.cicdmainframe.hpuftintegration.exception.HPUFTIntegrationException">The test generator had difficulty constructing com.aexp.cicdmainframe.hpuftintegration.exception.HPUFTIntegrationException in the required states and had to mock it 100% of the time. This is not necessarily a problem but the tests might be more readable and effective if real objects were provided. <diagnostic type="fraction" numerator="6" denominator="6" number="1.0" string="6/6 (100%)" /></problem><problem id="5574" severity="215" message="problem.overly.mocked" class="com.sun.jersey.api.client.config.DefaultClientConfig">The test generator had difficulty constructing com.sun.jersey.api.client.config.DefaultClientConfig in the required states and had to mock it 100% of the time. This is not necessarily a problem but the tests might be more readable and effective if real objects were provided. <diagnostic type="fraction" numerator="5" denominator="5" number="1.0" string="5/5 (100%)" /></problem><problem id="5576" severity="198" message="problem.overly.mocked" class="com.sun.jersey.api.client.WebResource$Builder">The test generator had difficulty constructing com.sun.jersey.api.client.WebResource$Builder in the required states and had to mock it 83.3% of the time. This is not necessarily a problem but the tests might be more readable and effective if real objects were provided. <diagnostic type="fraction" numerator="5" denominator="6" number="0.8333333333333334" string="5/6 (83.33%)" /></problem><problem id="5570" severity="195" message="problem.overly.mocked" class="com.sun.jersey.api.client.ClientResponse">The test generator had difficulty constructing com.sun.jersey.api.client.ClientResponse in the required states and had to mock it 80% of the time. This is not necessarily a problem but the tests might be more readable and effective if real objects were provided. <diagnostic type="fraction" numerator="4" denominator="5" number="0.8" string="4/5 (80%)" /></problem><problem id="5571" severity="180" message="problem.overly.mocked" class="org.apache.log4j.Logger">The test generator had difficulty constructing org.apache.log4j.Logger in the required states and had to mock it 100% of the time. This is not necessarily a problem but the tests might be more readable and effective if real objects were provided. <diagnostic type="fraction" numerator="7" denominator="7" number="1.0" string="7/7 (100%)" /></problem><problem id="5573" severity="180" message="problem.overly.mocked" class="com.sun.jersey.api.client.WebResource">The test generator had difficulty constructing com.sun.jersey.api.client.WebResource in the required states and had to mock it 100% of the time. This is not necessarily a problem but the tests might be more readable and effective if real objects were provided. <diagnostic type="fraction" numerator="5" denominator="5" number="1.0" string="5/5 (100%)" /></problem><problem id="5569" severity="165" message="problem.overly.mocked" class="com.aexp.cicdmainframe.hpuftintegration.PropertiesCache">The test generator had difficulty constructing com.aexp.cicdmainframe.hpuftintegration.PropertiesCache in the required states and had to mock it 50% of the time. This is not necessarily a problem but the tests might be more readable and effective if real objects were provided. <diagnostic type="fraction" numerator="15" denominator="30" number="0.5" string="15/30 (50%)" /></problem><problem id="5572" severity="130" message="problem.overly.mocked" class="com.sun.jersey.api.client.Client">The test generator had difficulty constructing com.sun.jersey.api.client.Client in the required states and had to mock it 50% of the time. This is not necessarily a problem but the tests might be more readable and effective if real objects were provided. <diagnostic type="fraction" numerator="5" denominator="10" number="0.5" string="5/10 (50%)" /></problem><problem id="5566" severity="11" message="problem.low.coverage" class="com.aexp.cicdmainframe.hpuftintegration.authetication.AuthenticationDetails">There were lines and conditions in AuthenticationDetails that AgitarOne could not exercise. 1.7% of the class could not be covered.<diagnostic type="number" number="0.01666666666666672" string="0.02" /></problem></problems><solutions><solution rating="3" problemid="5567" message="solution.check.classpath">Please check your classpath and add the appropriate JAR file to your libraries.</solution><solution rating="3" problemid="5568" message="solution.datahelper.mock.all">If you want real objects in your tests, consider writing a test data helper for the most commonly mocked object types. In the helper, duplicate the return values and exceptions that have been mocked.<diagnostic type="fraction" numerator="32" denominator="61" number="0.5245901639344263" string="32/61 (52.46%)" /></solution><solution rating="3" problemid="5575" message="solution.datahelper.mock" class="com.aexp.cicdmainframe.hpuftintegration.exception.HPUFTIntegrationException">If you want real objects in your tests, consider writing a test data helper for HPUFTIntegrationException. In the helper, duplicate the return values and exceptions that have been mocked.<diagnostic type="fraction" numerator="6" denominator="6" number="1.0" string="6/6 (100%)" /></solution><solution rating="3" problemid="5574" message="solution.datahelper.mock" class="com.sun.jersey.api.client.config.DefaultClientConfig">If you want real objects in your tests, consider writing a test data helper for DefaultClientConfig. In the helper, duplicate the return values and exceptions that have been mocked.<diagnostic type="fraction" numerator="5" denominator="5" number="1.0" string="5/5 (100%)" /></solution><solution rating="3" problemid="5576" message="solution.datahelper.mock" class="com.sun.jersey.api.client.WebResource$Builder">If you want real objects in your tests, consider writing a test data helper for WebResource$Builder. In the helper, duplicate the return values and exceptions that have been mocked.<diagnostic type="fraction" numerator="5" denominator="6" number="0.8333333333333334" string="5/6 (83.33%)" /></solution><solution rating="3" problemid="5570" message="solution.datahelper.mock" class="com.sun.jersey.api.client.ClientResponse">If you want real objects in your tests, consider writing a test data helper for ClientResponse. In the helper, duplicate the return values and exceptions that have been mocked.<diagnostic type="fraction" numerator="4" denominator="5" number="0.8" string="4/5 (80%)" /></solution><solution rating="3" problemid="5571" message="solution.datahelper.mock" class="org.apache.log4j.Logger">If you want real objects in your tests, consider writing a test data helper for Logger. In the helper, duplicate the return values and exceptions that have been mocked.<diagnostic type="fraction" numerator="7" denominator="7" number="1.0" string="7/7 (100%)" /></solution><solution rating="3" problemid="5573" message="solution.datahelper.mock" class="com.sun.jersey.api.client.WebResource">If you want real objects in your tests, consider writing a test data helper for WebResource. In the helper, duplicate the return values and exceptions that have been mocked.<diagnostic type="fraction" numerator="5" denominator="5" number="1.0" string="5/5 (100%)" /></solution><solution rating="3" problemid="5569" message="solution.datahelper.mock" class="com.aexp.cicdmainframe.hpuftintegration.PropertiesCache">If you want real objects in your tests, consider writing a test data helper for PropertiesCache. In the helper, duplicate the return values and exceptions that have been mocked.<diagnostic type="fraction" numerator="15" denominator="30" number="0.5" string="15/30 (50%)" /></solution><solution rating="3" problemid="5572" message="solution.datahelper.mock" class="com.sun.jersey.api.client.Client">If you want real objects in your tests, consider writing a test data helper for Client. In the helper, duplicate the return values and exceptions that have been mocked.<diagnostic type="fraction" numerator="5" denominator="10" number="0.5" string="5/10 (50%)" /></solution><solution rating="3" problemid="5566" message="solution.datahelper.state" class="com.aexp.cicdmainframe.hpuftintegration.authetication.AuthenticationDetails">Write a test data helper that creates parameters that AuthenticationDetails needs. Create the parameters in the states needed to reach the uncovered sections.</solution><solution rating="1" problemid="5566" message="solution.check.reachability" class="com.aexp.cicdmainframe.hpuftintegration.authetication.AuthenticationDetails">Before spending too much time creating new inputs, you may want to check the remaining lines and conditions to make sure it is actually possible to reach them.</solution></solutions><diagnostics><diagnostic type="list" key="classpath.library"><diagnostic type="string" string="lib/log4j-1.2.16.jar" /><diagnostic type="string" string="lib/jersey-client-2.25.jar" /><diagnostic type="string" string="lib/jersey-common-2.25.jar" /><diagnostic type="string" string="lib/junit-4.11.jar" /><diagnostic type="string" string="lib/jersey-bundle-1.19.1.jar" /><diagnostic type="string" string="397b70e312007dc1a804702498bb25a5/jersey-client-1.19.3.jar" /><diagnostic type="string" string="9d72a569b9ccb71e95c1e889cd08a1f2/com.agitar.mockingbird.jar" /><diagnostic type="string" string="2686f545a2ce8141a152d83a264ecdb2/org.agitar.mock5.jar" /></diagnostic><diagnostic type="fraction" numerator="28" denominator="28" number="1.0" string="28/28 (100%)" key="coverage.testgen" fullmethod="getAuthenticateDetails()" method="getAuthenticateDetails()" class="AuthenticationDetails" package="com.aexp.cicdmainframe.hpuftintegration.authetication" /><diagnostic type="number" number="30.0" string="30" key="class.proximity" class="InBoundHeaders" package="com.sun.jersey.core.header" /><diagnostic type="string" string="3159" key="timing.Analysis" /><diagnostic type="string" string="3098" key="timing.Boundary" /><diagnostic type="fraction" numerator="2" denominator="2" number="1.0" string="2/2 (100%)" key="mockingbird.ratio" class="Set" package="java.util" /><diagnostic type="number" number="30.0" string="30" key="class.proximity" class="MessageBodyReader" package="javax.ws.rs.ext" /><diagnostic type="number" number="30.0" string="30" key="class.proximity" class="WebResourceLinkHeaders" package="com.sun.jersey.api.client" /><diagnostic type="list" key="java.vmargs"><diagnostic type="string" string="-Xmx1024m" /><diagnostic type="string" string="-Duser.language=en" /><diagnostic type="string" string="-Djava.awt.headless=true" /><diagnostic type="string" string="-Duser.country=US" /><diagnostic type="string" string="-Dagitar.test.gen.source.folder=test" /><diagnostic type="string" string="-Djava5.home=/opt/agitar/agitarOne/platforms/linux/x86_64/java/Sun/1.5" /><diagnostic type="string" string="-Dagitar.time.scaling.factor=1" /><diagnostic type="string" string="-Dagitar.job.md5=8997419b00b2b96eecef98cc31de776a" /></diagnostic><diagnostic type="string" string="Mock level: 5" key="test.created" fullmethod="testGetAuthenticateDetailsWithAggressiveMocks1()" method="testGetAuthenticateDetailsWithAggressiveMocks1()" class="AuthenticationDetailsAgitarTest" package="com.aexp.cicdmainframe.hpuftintegration.authetication" /><diagnostic type="string" string="true v2 != null" key="mockitator.skip.edge" fullmethod="getInstance()" method="getInstance()" class="AuthenticationDetails" package="com.aexp.cicdmainframe.hpuftintegration.authetication" /><diagnostic type="fraction" numerator="6" denominator="6" number="1.0" string="6/6 (100%)" key="mockingbird.ratio" class="HPUFTIntegrationException" package="com.aexp.cicdmainframe.hpuftintegration.exception" /><diagnostic type="fraction" numerator="5" denominator="5" number="1.0" string="5/5 (100%)" key="mockingbird.ratio" class="DefaultClientConfig" package="com.sun.jersey.api.client.config" /><diagnostic type="string" string="Mock level: 5" key="test.created" fullmethod="testDoGetAuthenticateDetailsThrowsHPUFTIntegrationExceptionWithAggressiveMocks()" method="testDoGetAuthenticateDetailsThrowsHPUFTIntegrationExceptionWithAggressiveMocks()" class="AuthenticationDetailsAgitarTest" package="com.aexp.cicdmainframe.hpuftintegration.authetication" /><diagnostic type="number" number="30.0" string="30" key="class.proximity" class="ClientResponse$Status" package="com.sun.jersey.api.client" /><diagnostic type="number" number="30.0" string="30" key="class.proximity" class="UniformInterfaceException" package="com.sun.jersey.api.client" /><diagnostic type="list" key="mockitator.skip.edge" fullmethod="doGetAuthenticateDetails(java.lang.String param1, java.lang.String param2)" method="doGetAuthenticateDetails(String, String)" class="AuthenticationDetails" package="com.aexp.cicdmainframe.hpuftintegration.authetication"><diagnostic type="string" string="false v20 != null" /><diagnostic type="string" string="false v21 != null" /><diagnostic type="string" string="false v70 != &quot;&quot;" /><diagnostic type="string" string="true v80 != null" /></diagnostic><diagnostic type="fraction" numerator="2" denominator="2" number="1.0" string="2/2 (100%)" key="coverage.final" fullmethod="&lt;init>()" method="&lt;init>()" class="AuthenticationDetails" package="com.aexp.cicdmainframe.hpuftintegration.authetication" /><diagnostic type="number" number="30.0" string="30" key="class.proximity" class="WebResource" package="com.sun.jersey.api.client" /><diagnostic type="fraction" numerator="5" denominator="6" number="0.8333333333333334" string="5/6 (83.33%)" key="mockingbird.ratio" class="WebResource$Builder" package="com.sun.jersey.api.client" /><diagnostic type="fraction" numerator="28" denominator="28" number="1.0" string="28/28 (100%)" key="coverage.agitation" fullmethod="getAuthenticateDetails()" method="getAuthenticateDetails()" class="AuthenticationDetails" package="com.aexp.cicdmainframe.hpuftintegration.authetication" /><diagnostic type="string" string="Agitar internal" key="helpers.unused.internal.classes" class="SetupHelper" package="com.agitar.lib" /><diagnostic type="number" number="5.0" string="5" key="complexity" fullmethod="doGetAuthenticateDetails(java.lang.String param1, java.lang.String param2)" method="doGetAuthenticateDetails(String, String)" class="AuthenticationDetails" package="com.aexp.cicdmainframe.hpuftintegration.authetication" /><diagnostic type="string" string="0" key="timing.Cov%" /><diagnostic type="number" number="30.0" string="30" key="class.proximity" class="Client" package="com.sun.jersey.api.client" /><diagnostic type="list" key="classpath.extension"><diagnostic type="string" string="plugins/com.agitar.eclipse.api_6.0.0.000016/lib/ext/org.agitar.mock5.jar" /><diagnostic type="string" string="plugins/com.agitar.agitator_6.0.0.000016/lib/ext/com.agitar.enterprise5.jar" /></diagnostic><diagnostic type="number" number="30.0" string="30" key="class.proximity" class="ClientRequest" package="com.sun.jersey.api.client" /><diagnostic type="number" number="65.0" string="65" key="class.proximity" class="ClientResponse" package="com.sun.jersey.api.client" /><diagnostic type="fraction" numerator="0" denominator="2" number="0.0" string="0/2 (0%)" key="mockingbird.ratio" class="String[]" package="java.lang" /><diagnostic type="fraction" numerator="0" denominator="21" number="0.0" string="0/21 (0%)" key="mockingbird.ratio" class="byte[]" package="" /><diagnostic type="string" string="Mock level: 1" key="test.created" fullmethod="testGetInstance1()" method="testGetInstance1()" class="AuthenticationDetailsAgitarTest" package="com.aexp.cicdmainframe.hpuftintegration.authetication" /><diagnostic type="fraction" numerator="1" denominator="16" number="0.0625" string="1/16 (6.25%)" key="mockingbird.ratio" class="AuthenticationDetails" package="com.aexp.cicdmainframe.hpuftintegration.authetication" /><diagnostic type="number" number="30.0" string="30" key="class.proximity" class="GenericType" package="com.sun.jersey.api.client" /><diagnostic type="number" number="2.0" string="2" key="complexity" fullmethod="getInstance()" method="getInstance()" class="AuthenticationDetails" package="com.aexp.cicdmainframe.hpuftintegration.authetication" /><diagnostic type="fraction" numerator="7" denominator="7" number="1.0" string="7/7 (100%)" key="mockingbird.ratio" class="Logger" package="org.apache.log4j" /><diagnostic type="number" number="30.0" string="30" key="class.proximity" class="ClientRequestImpl" package="com.sun.jersey.client.impl" /><diagnostic type="string" string="agitar/config" key="config.path" /><diagnostic type="number" number="14.0" string="14" key="complexity" class="AuthenticationDetails" package="com.aexp.cicdmainframe.hpuftintegration.authetication" /><diagnostic type="number" number="8.0" string="8" key="thread.count.initial" /><diagnostic type="string" string=" -30F1 +81F3 +81F5 +91F62" key="coverage.testgen.delta" class="AuthenticationDetails" package="com.aexp.cicdmainframe.hpuftintegration.authetication" /><diagnostic type="number" number="65.0" string="65" key="class.proximity" class="String[]" package="java.lang" /><diagnostic type="fraction" numerator="4" denominator="5" number="0.8" string="4/5 (80%)" key="mockingbird.ratio" class="ClientResponse" package="com.sun.jersey.api.client" /><diagnostic type="fraction" numerator="2" denominator="2" number="1.0" string="2/2 (100%)" key="mockingbird.ratio" class="Throwable" package="java.lang" /><diagnostic type="number" number="100.0" string="100" key="class.proximity" class="AuthenticationDetails" package="com.aexp.cicdmainframe.hpuftintegration.authetication" /><diagnostic type="number" number="65.0" string="65" key="class.proximity" class="byte[]" package="" /><diagnostic type="number" number="30.0" string="30" key="class.proximity" class="MessageBodyWorkers" package="com.sun.jersey.spi" /><diagnostic type="number" number="30.0" string="30" key="class.proximity" class="Logger" package="org.apache.log4j" /><diagnostic type="number" number="792.0" string="792" key="memory.available.final" /><diagnostic type="number" number="65.0" string="65" key="class.proximity" class="HPUFTIntegrationBase" package="com.aexp.cicdmainframe.hpuftintegration" /><diagnostic type="fraction" numerator="28" denominator="28" number="1.0" string="28/28 (100%)" key="coverage.final" fullmethod="getAuthenticateDetails()" method="getAuthenticateDetails()" class="AuthenticationDetails" package="com.aexp.cicdmainframe.hpuftintegration.authetication" /><diagnostic type="test" string="Unknown: null" mocklevel="0" outcome="Unknown" key="test.failing" fullmethod="unknown()" method="unknown()" class="Unknown" package=""><diagnostic type="error" log-message="Private method &lt;com.aexp.cicdmainframe.hpuftintegration.authetication.AuthenticationDetails.&lt;init>()> already fully covered" string="Private method &lt;com.aexp.cicdmainframe.hpuftintegration.authetication.AuthenticationDetails.&lt;init>()> already fully covered" /></diagnostic><diagnostic type="fraction" numerator="5" denominator="10" number="0.5" string="5/10 (50%)" key="mockingbird.ratio" class="Client" package="com.sun.jersey.api.client" /><diagnostic type="string" string="3197" key="timing.Instrumentation" /><diagnostic type="number" number="30.0" string="30" key="class.proximity" class="RuntimeDelegate" package="javax.ws.rs.ext" /><diagnostic type="fraction" numerator="2" denominator="2" number="1.0" string="2/2 (100%)" key="coverage.testgen" fullmethod="&lt;init>()" method="&lt;init>()" class="AuthenticationDetails" package="com.aexp.cicdmainframe.hpuftintegration.authetication" /><diagnostic type="test" string="NoClassDefFoundError: com.aexp.cicdmainframe.hpuftintegration.exception.HPUFTIntegrationException: java.lang.RuntimeException: java.security.AccessControlException: access denied (&quot;java.net.SocketPermission&quot; &quot;epeg-e1.intra.aexp.com:6345&quot; &quot;connect,resolve&quot;)  at com.aexp.cicdmainframe.hpuftintegration.authetication.AuthenticationDetails.getAuthenticateDetails(AuthenticationDetails.java:74)  at com.aexp.cicdmainframe.hpuftintegration.authetication.AuthenticationDetailsAgitarTest.testGetAuthenticateDetailsThrowsNoClassDefFoundError(AuthenticationDetailsAgitarTest.java:563)  at com.agitar.tbe.junitgen.g.run(g.java:129)  at java.lang.Thread.run(Unknown Source)" mocklevel="2" reason="com.aexp.cicdmainframe.hpuftintegration.exception.HPUFTIntegrationException: java.lang.RuntimeException: java.security.AccessControlException: access denied (&quot;java.net.SocketPermission&quot; &quot;epeg-e1.intra.aexp.com:6345&quot; &quot;connect,resolve&quot;)  at com.aexp.cicdmainframe.hpuftintegration.authetication.AuthenticationDetails.getAuthenticateDetails(AuthenticationDetails.java:74)  at com.aexp.cicdmainframe.hpuftintegration.authetication.AuthenticationDetailsAgitarTest.testGetAuthenticateDetailsThrowsNoClassDefFoundError(AuthenticationDetailsAgitarTest.java:563)  at com.agitar.tbe.junitgen.g.run(g.java:129)  at java.lang.Thread.run(Unknown Source)" coverage="001111000000000000000000000000000000 [36]" outcome="java.lang.NoClassDefFoundError" key="test.failing" fullmethod="getAuthenticateDetails()" method="getAuthenticateDetails()" class="AuthenticationDetails" package="com.aexp.cicdmainframe.hpuftintegration.authetication"><source>AuthenticationDetails.getInstance().getAuthenticateDetails();
</source><diagnostic type="error" log-message="compile and run failure" string="compile and run failure" /></diagnostic><diagnostic type="error" log-message="com.sun.jersey.api.json.JSONWithPadding" exception-class="java.lang.NoClassDefFoundError" exception-message="org/codehaus/jackson/map/JsonSerializableWithType" string="com.sun.jersey.api.json.JSONWithPadding (NoClassDefFoundError: &quot;org/codehaus/jackson/map/JsonSerializableWithType&quot; at ClassLoader.defineClass1() at ClassLoader.defineClass(), caused by ClassNotFoundException: &quot;org.codehaus.jackson.map.JsonSerializableWithType&quot; at AgClassLoader.findClass() line 515 at AgClassLoader.loadClass() line 125)" key="class.def.not.found" class="JSONWithPadding" package="com.sun.jersey.api.json"><trace class="java.lang.ClassLoader" method="defineClass1" /><trace class="java.lang.ClassLoader" method="defineClass" /><trace class="com.agitar.agitator.AgClassLoader" method="findClass" line="482" /><trace class="com.agitar.agitator.AgClassLoader" method="loadClass" line="125" /><trace class="java.lang.ClassLoader" method="loadClass" /><trace class="java.lang.Class" method="getDeclaredMethods0" /><trace class="java.lang.Class" method="privateGetDeclaredMethods" /><trace class="java.lang.Class" method="getDeclaredMethods" /><trace class="com.sun.jersey.core.reflection.MethodList" method="getAllDeclaredMethods" line="70" /><trace class="com.sun.jersey.core.reflection.MethodList" method="&lt;init>" line="64" /><trace class="com.sun.jersey.core.spi.component.ComponentConstructor" method="getPostConstructMethods" line="132" /><trace class="com.sun.jersey.core.spi.component.ComponentConstructor" method="&lt;init>" line="124" /><trace class="com.sun.jersey.core.spi.component.ProviderFactory" method="__getComponentProvider" line="165" /><trace class="com.sun.jersey.core.spi.component.ProviderFactory" method="getComponentProvider" line="137" /><trace class="com.sun.jersey.core.spi.component.ProviderServices" method="getComponent" line="283" /><trace class="com.sun.jersey.core.spi.component.ProviderServices" method="getServices" line="163" /><trace class="com.sun.jersey.core.spi.factory.MessageBodyFactory" method="initWriters" line="207" /><trace class="com.sun.jersey.core.spi.factory.MessageBodyFactory" method="init" line="163" /><trace class="com.sun.jersey.api.client.Client" method="init" line="343" /><trace class="com.sun.jersey.api.client.Client" method="access$000" line="119" /><trace class="com.sun.jersey.api.client.Client$1" method="f" line="192" /><trace class="com.sun.jersey.api.client.Client$1" method="f" line="188" /><trace class="com.sun.jersey.spi.inject.Errors" method="processWithErrors" line="193" /><trace class="com.sun.jersey.api.client.Client" method="&lt;init>" line="188" /><trace class="com.sun.jersey.api.client.Client" method="&lt;init>" line="171" /><trace class="com.sun.jersey.api.client.Client" method="create" line="683" /><trace class="sun.reflect.GeneratedMethodAccessor23" method="invoke" /><trace class="sun.reflect.DelegatingMethodAccessorImpl" method="invoke" /><trace class="java.lang.reflect.Method" method="invoke" /><trace class="user.agitar.invocation.Interposer" method="invokeUsingThreadClassLoader" line="15" /><trace class="sun.reflect.GeneratedMethodAccessor6" method="invoke" /><trace class="sun.reflect.DelegatingMethodAccessorImpl" method="invoke" /><trace class="java.lang.reflect.Method" method="invoke" /><trace class="com.agitar.lib.mockingbird.invocation.Invoke" method="execute" line="49" /><trace class="com.agitar.lib.mockingbird.Caller" method="checkThreadStart" line="427" /><trace class="com.agitar.lib.mockingbird.Caller" method="invoke" line="418" /><trace class="com.agitar.lib.mockingbird.Mockingbird" method="invoke" line="506" /><trace class="com.aexp.cicdmainframe.hpuftintegration.authetication.AuthenticationDetails" method="doGetAuthenticateDetails" line="96" /><trace class="sun.reflect.GeneratedMethodAccessor20" method="invoke" /><trace class="sun.reflect.DelegatingMethodAccessorImpl" method="invoke" /><trace class="java.lang.reflect.Method" method="invoke" /><trace class="com.agitar.lib.mockingbird.invocation.Invoke" method="execute" line="58" /><trace class="com.agitar.lib.mockingbird.Caller" method="checkThreadStart" line="427" /><trace class="com.agitar.lib.mockingbird.Caller" method="invoke" line="418" /><trace class="com.agitar.lib.mockingbird.Mockingbird" method="invoke" line="506" /><trace class="com.aexp.cicdmainframe.hpuftintegration.authetication.AuthenticationDetails" method="getAuthenticateDetails" line="47" /><trace class="sun.reflect.GeneratedMethodAccessor32" method="invoke" /><trace class="sun.reflect.DelegatingMethodAccessorImpl" method="invoke" /><trace class="java.lang.reflect.Method" method="invoke" /><trace class="com.agitar.tbe.recorder.operations.kb" method="a" line="272" /><trace class="com.agitar.tbe.recorder.operations.r" method="a" line="205" /><trace class="com.agitar.tbe.recorder.operations.f" method="a" line="97" /><trace class="com.agitar.tbe.recorder.gc" method="f" line="162" /><trace class="com.agitar.tbe.d" method="a" line="50" /><trace class="com.agitar.tbe.j" method="run" line="227" /><diagnostic type="error" exception-class="java.lang.ClassNotFoundException" exception-message="org.codehaus.jackson.map.JsonSerializableWithType" string="ClassNotFoundException: &quot;org.codehaus.jackson.map.JsonSerializableWithType&quot; at AgClassLoader.findClass() line 515 at AgClassLoader.loadClass() line 125"><trace class="com.agitar.agitator.AgClassLoader" method="findClass" line="515" /><trace class="com.agitar.agitator.AgClassLoader" method="loadClass" line="125" /><trace class="java.lang.ClassLoader" method="loadClass" /><trace class="java.lang.ClassLoader" method="defineClass1" /><trace class="java.lang.ClassLoader" method="defineClass" /><trace class="com.agitar.agitator.AgClassLoader" method="findClass" line="482" /><trace class="com.agitar.agitator.AgClassLoader" method="loadClass" line="125" /><trace class="java.lang.ClassLoader" method="loadClass" /><trace class="java.lang.Class" method="getDeclaredMethods0" /><trace class="java.lang.Class" method="privateGetDeclaredMethods" /><trace class="java.lang.Class" method="getDeclaredMethods" /><trace class="com.sun.jersey.core.reflection.MethodList" method="getAllDeclaredMethods" line="70" /><trace class="com.sun.jersey.core.reflection.MethodList" method="&lt;init>" line="64" /><trace class="com.sun.jersey.core.spi.component.ComponentConstructor" method="getPostConstructMethods" line="132" /><trace class="com.sun.jersey.core.spi.component.ComponentConstructor" method="&lt;init>" line="124" /><trace class="com.sun.jersey.core.spi.component.ProviderFactory" method="__getComponentProvider" line="165" /><trace class="com.sun.jersey.core.spi.component.ProviderFactory" method="getComponentProvider" line="137" /><trace class="com.sun.jersey.core.spi.component.ProviderServices" method="getComponent" line="283" /><trace class="com.sun.jersey.core.spi.component.ProviderServices" method="getServices" line="163" /><trace class="com.sun.jersey.core.spi.factory.MessageBodyFactory" method="initWriters" line="207" /><trace class="com.sun.jersey.core.spi.factory.MessageBodyFactory" method="init" line="163" /><trace class="com.sun.jersey.api.client.Client" method="init" line="343" /><trace class="com.sun.jersey.api.client.Client" method="access$000" line="119" /><trace class="com.sun.jersey.api.client.Client$1" method="f" line="192" /><trace class="com.sun.jersey.api.client.Client$1" method="f" line="188" /><trace class="com.sun.jersey.spi.inject.Errors" method="processWithErrors" line="193" /><trace class="com.sun.jersey.api.client.Client" method="&lt;init>" line="188" /><trace class="com.sun.jersey.api.client.Client" method="&lt;init>" line="171" /><trace class="com.sun.jersey.api.client.Client" method="create" line="683" /><trace class="sun.reflect.GeneratedMethodAccessor23" method="invoke" /><trace class="sun.reflect.DelegatingMethodAccessorImpl" method="invoke" /><trace class="java.lang.reflect.Method" method="invoke" /><trace class="user.agitar.invocation.Interposer" method="invokeUsingThreadClassLoader" line="15" /><trace class="sun.reflect.GeneratedMethodAccessor6" method="invoke" /><trace class="sun.reflect.DelegatingMethodAccessorImpl" method="invoke" /><trace class="java.lang.reflect.Method" method="invoke" /><trace class="com.agitar.lib.mockingbird.invocation.Invoke" method="execute" line="49" /><trace class="com.agitar.lib.mockingbird.Caller" method="checkThreadStart" line="427" /><trace class="com.agitar.lib.mockingbird.Caller" method="invoke" line="418" /><trace class="com.agitar.lib.mockingbird.Mockingbird" method="invoke" line="506" /><trace class="com.aexp.cicdmainframe.hpuftintegration.authetication.AuthenticationDetails" method="doGetAuthenticateDetails" line="96" /><trace class="sun.reflect.GeneratedMethodAccessor20" method="invoke" /><trace class="sun.reflect.DelegatingMethodAccessorImpl" method="invoke" /><trace class="java.lang.reflect.Method" method="invoke" /><trace class="com.agitar.lib.mockingbird.invocation.Invoke" method="execute" line="58" /><trace class="com.agitar.lib.mockingbird.Caller" method="checkThreadStart" line="427" /><trace class="com.agitar.lib.mockingbird.Caller" method="invoke" line="418" /><trace class="com.agitar.lib.mockingbird.Mockingbird" method="invoke" line="506" /><trace class="com.aexp.cicdmainframe.hpuftintegration.authetication.AuthenticationDetails" method="getAuthenticateDetails" line="47" /><trace class="sun.reflect.GeneratedMethodAccessor32" method="invoke" /><trace class="sun.reflect.DelegatingMethodAccessorImpl" method="invoke" /><trace class="java.lang.reflect.Method" method="invoke" /><trace class="com.agitar.tbe.recorder.operations.kb" method="a" line="272" /><trace class="com.agitar.tbe.recorder.operations.r" method="a" line="205" /><trace class="com.agitar.tbe.recorder.operations.f" method="a" line="97" /><trace class="com.agitar.tbe.recorder.gc" method="f" line="162" /><trace class="com.agitar.tbe.d" method="a" line="50" /><trace class="com.agitar.tbe.j" method="run" line="227" /></diagnostic></diagnostic><diagnostic type="string" string="64690" key="timing.Normal" /><diagnostic type="fraction" numerator="29" denominator="61" number="0.47540983606557374" string="29/61 (47.54%)" key="coverage.normal" class="AuthenticationDetails" package="com.aexp.cicdmainframe.hpuftintegration.authetication" /><diagnostic type="fraction" numerator="2" denominator="2" number="1.0" string="2/2 (100%)" key="mockingbird.ratio" class="InBoundHeaders" package="com.sun.jersey.core.header" /><diagnostic type="number" number="240.0" string="240" key="memory.free.final" /><diagnostic type="number" number="1.0" string="1" key="test.classes.generated" /><diagnostic type="string" string="Mock level: 5" key="test.created" fullmethod="testGetAuthenticateDetailsWithAggressiveMocks()" method="testGetAuthenticateDetailsWithAggressiveMocks()" class="AuthenticationDetailsAgitarTest" package="com.aexp.cicdmainframe.hpuftintegration.authetication" /><diagnostic type="string" string="Linux" key="os.name" /><diagnostic type="number" number="30.0" string="30" key="class.proximity" class="ClientHandler" package="com.sun.jersey.api.client" /><diagnostic type="number" number="65.0" string="65" key="class.proximity" class="HPUFTIntegrationException" package="com.aexp.cicdmainframe.hpuftintegration.exception" /><diagnostic type="number" number="65.0" string="65" key="class.proximity" class="DefaultClientConfig" package="com.sun.jersey.api.client.config" /><diagnostic type="string" string="2.6.18-194.el5" key="os.version" /><diagnostic type="fraction" numerator="12" denominator="12" number="1.0" string="12/12 (100%)" key="mockingbird.ratio" class="Map$Entry" package="java.util" /><diagnostic type="list" key="classpath.agitar"><diagnostic type="string" string="plugins/com.agitar.agitator_6.0.0.000016/com.agitar.agitator.jar" /><diagnostic type="string" string="plugins/com.agitar.agitator_6.0.0.000016/com.agitar.knowledge.jar" /><diagnostic type="string" string="plugins/com.agitar.agitator_6.0.0.000016/com.agitar.tools.jar" /><diagnostic type="string" string="plugins/com.agitar.agitator_6.0.0.000016/lib/agitar-crimson.jar" /><diagnostic type="string" string="plugins/com.agitar.agitator_6.0.0.000016/lib/agitar-gnu-regexp-1.1.4.jar" /><diagnostic type="string" string="plugins/com.agitar.agitator_6.0.0.000016/lib/agitar-org.eclipse.jdt.core_3.6.0.jar" /><diagnostic type="string" string="plugins/com.agitar.agitator_6.0.0.000016/lib/agitator-lib.jar" /><diagnostic type="string" string="plugins/com.agitar.agitator_6.0.0.000016/lib/antlr-2.7.5H3.jar" /><diagnostic type="string" string="plugins/com.agitar.agitator_6.0.0.000016/lib/checkstyle-5.6-all.jar" /><diagnostic type="string" string="plugins/com.agitar.agitator_6.0.0.000016/lib/commons-beanutils-core.jar" /><diagnostic type="string" string="plugins/com.agitar.agitator_6.0.0.000016/lib/commons-beanutils.jar" /><diagnostic type="string" string="plugins/com.agitar.agitator_6.0.0.000016/lib/commons-collections.jar" /><diagnostic type="string" string="plugins/com.agitar.agitator_6.0.0.000016/lib/fast-md5.jar" /><diagnostic type="string" string="plugins/com.agitar.agitator_6.0.0.000016/lib/isorelax.jar" /><diagnostic type="string" string="plugins/com.agitar.agitator_6.0.0.000016/lib/lucene-1.5-rc1-dev.jar" /><diagnostic type="string" string="plugins/com.agitar.agitator_6.0.0.000016/lib/msv.jar" /><diagnostic type="string" string="plugins/com.agitar.agitator_6.0.0.000016/lib/relaxngDatatype.jar" /><diagnostic type="string" string="plugins/com.agitar.agitator_6.0.0.000016/lib/xmlgen.jar" /><diagnostic type="string" string="plugins/com.agitar.agitator_6.0.0.000016/lib/xsdlib.jar" /><diagnostic type="string" string="plugins/com.agitar.agitator_6.0.0.000016/lib/xstream-1.2.2.jar" /><diagnostic type="string" string="plugins/com.agitar.eclipse.coverage_6.0.0.000016/com.agitar.asm.jar" /><diagnostic type="string" string="plugins/com.agitar.eclipse.coverage_6.0.0.000016/com.agitar.check.jar" /><diagnostic type="string" string="plugins/com.agitar.eclipse.coverage_6.0.0.000016/com.agitar.common.jar" /><diagnostic type="string" string="plugins/com.agitar.eclipse.coverage_6.0.0.000016/com.agitar.coverage.jar" /><diagnostic type="string" string="plugins/com.agitar.eclipse.coverage_6.0.0.000016/com.agitar.eclipse.core.jar" /><diagnostic type="string" string="plugins/com.agitar.eclipse.coverage_6.0.0.000016/com.agitar.eclipse.coverage.jar" /><diagnostic type="string" string="plugins/com.agitar.eclipse.coverage_6.0.0.000016/com.agitar.eclipse.project.mock.jar" /><diagnostic type="string" string="plugins/com.agitar.eclipse.coverage_6.0.0.000016/lib/commons-cli-1.0.jar" /><diagnostic type="string" string="plugins/com.agitar.eclipse.coverage_6.0.0.000016/lib/commons-codec-1.3.jar" /><diagnostic type="string" string="plugins/com.agitar.eclipse.coverage_6.0.0.000016/lib/commons-httpclient-3.1.jar" /><diagnostic type="string" string="plugins/com.agitar.eclipse.coverage_6.0.0.000016/lib/commons-logging.jar" /><diagnostic type="string" string="plugins/com.agitar.eclipse.coverage_6.0.0.000016/lib/ezlicgen30.jar" /><diagnostic type="string" string="plugins/com.agitar.eclipse.coverage_6.0.0.000016/lib/ezlicrun30.jar" /><diagnostic type="string" string="plugins/com.agitar.eclipse.coverage_6.0.0.000016/lib/hsqldb.jar" /><diagnostic type="string" string="plugins/com.agitar.eclipse.coverage_6.0.0.000016/lib/ils10.jar" /><diagnostic type="string" string="plugins/com.agitar.eclipse.coverage_6.0.0.000016/lib/ilsadmin10.jar" /><diagnostic type="string" string="plugins/com.agitar.eclipse.coverage_6.0.0.000016/lib/ilsclient10.jar" /><diagnostic type="string" string="plugins/com.agitar.eclipse.coverage_6.0.0.000016/lib/ilscrypt10.jar" /><diagnostic type="string" string="plugins/com.agitar.eclipse.coverage_6.0.0.000016/lib/ilsdb10.jar" /><diagnostic type="string" string="plugins/com.agitar.eclipse.coverage_6.0.0.000016/lib/jvmdetector.jar" /><diagnostic type="string" string="plugins/com.agitar.eclipse.coverage_6.0.0.000016/lib/wdortl20.jar" /><diagnostic type="string" string="plugins/com.agitar.eclipse.coverage_6.0.0.000016/lib/xpp3-1.1.4c.jar" /><diagnostic type="string" string="plugins/com.agitar.eclipse.api_6.0.0.000016/com.agitar.eclipse.api.jar" /><diagnostic type="string" string="plugins/com.agitar.eclipse.api_6.0.0.000016/com.agitar.mockingbird.jar" /><diagnostic type="string" string="plugins/com.agitar.eclipse.api_6.0.0.000016/com.agitar.testrunner.jar" /><diagnostic type="string" string="plugins/com.agitar.eclipse.api_6.0.0.000016/lib/ant-junit.jar" /><diagnostic type="string" string="plugins/com.agitar.eclipse.api_6.0.0.000016/lib/ant-launcher.jar" /><diagnostic type="string" string="plugins/com.agitar.eclipse.api_6.0.0.000016/lib/ant.jar" /><diagnostic type="string" string="plugins/com.agitar.eclipse.api_6.0.0.000016/lib/junit.jar" /><diagnostic type="string" string="plugins/com.agitar.eclipse.api_6.0.0.000016/lib/xalan.jar" /><diagnostic type="string" string="../../../platforms/linux/x86_64/eclipse/plugins/org.junit_4.10.0.v4_10_0_v20120426-0900/junit.jar" /></diagnostic><diagnostic type="fraction" numerator="8" denominator="8" number="1.0" string="8/8 (100%)" key="mockingbird.ratio" class="List" package="java.util" /><diagnostic type="number" number="65.0" string="65" key="class.proximity" class="WebResource$Builder" package="com.sun.jersey.api.client" /><diagnostic type="fraction" numerator="5" denominator="5" number="1.0" string="5/5 (100%)" key="mockingbird.ratio" class="WebResource" package="com.sun.jersey.api.client" /><diagnostic type="fraction" numerator="2" denominator="2" number="1.0" string="2/2 (100%)" key="coverage.agitation" fullmethod="&lt;init>()" method="&lt;init>()" class="AuthenticationDetails" package="com.aexp.cicdmainframe.hpuftintegration.authetication" /><diagnostic type="fraction" numerator="0" denominator="65" number="0.0" string="0/65 (0%)" key="mockingbird.ratio" class="Object" package="java.lang" /><diagnostic type="number" number="124.0" string="124" key="memory.used.final" /><diagnostic type="number" number="30.0" string="30" key="class.proximity" class="char[]" package="" /><diagnostic type="string" string="Oracle Corporation" key="java.vendor" /><diagnostic type="list" key="classpath.expert"><diagnostic type="string" string="plugins/com.agitar.experts.struts_6.0.0.000016/com.agitar.experts.struts.jar" /><diagnostic type="string" string="plugins/com.agitar.experts.hibernate_6.0.0.000016/com.agitar.experts.hibernate.jar" /><diagnostic type="string" string="plugins/com.agitar.experts.spring_6.0.0.000016/com.agitar.experts.spring.jar" /><diagnostic type="string" string="plugins/com.agitar.experts.j2ee_6.0.0.000016/com.agitar.experts.j2ee.jar" /><diagnostic type="string" string="plugins/com.agitar.experts.jsf_6.0.0.000016/com.agitar.experts.jsf.jar" /></diagnostic><diagnostic type="number" number="30.0" string="30" key="class.proximity" class="Statuses" package="com.sun.jersey.api.client" /><diagnostic type="number" number="30.0" string="30" key="class.proximity" class="Response$StatusType" package="javax.ws.rs.core" /><diagnostic type="string" string="Mock level: 5" key="test.created" fullmethod="testGetAuthenticateDetailsThrowsHPUFTIntegrationExceptionWithAggressiveMocks()" method="testGetAuthenticateDetailsThrowsHPUFTIntegrationExceptionWithAggressiveMocks()" class="AuthenticationDetailsAgitarTest" package="com.aexp.cicdmainframe.hpuftintegration.authetication" /><diagnostic type="fraction" numerator="116" denominator="116" number="1.0" string="116/116 (100%)" key="class.creation" class="AuthenticationDetails" package="com.aexp.cicdmainframe.hpuftintegration.authetication" /><diagnostic type="string" string="bin" key="classpath.user" /><diagnostic type="string" string="/opt/agitar/agitarOne/work/cu038.virtual.aedc.extra.aexp.com-agitar-0/8997419b00b2b96eecef98cc31de776a/HpUftIntegration" key="user.dir" /><diagnostic type="number" number="65.0" string="65" key="class.proximity" class="PropertiesCache" package="com.aexp.cicdmainframe.hpuftintegration" /><diagnostic type="string" string="Mock level: 0" key="test.created" fullmethod="testGetInstance()" method="testGetInstance()" class="AuthenticationDetailsAgitarTest" package="com.aexp.cicdmainframe.hpuftintegration.authetication" /><diagnostic type="number" number="0.0" string="0" key="memory.ooms" /><diagnostic type="string" string=" +30F1 -81F3 -81F5 -91F62" key="coverage.final.delta" class="AuthenticationDetails" package="com.aexp.cicdmainframe.hpuftintegration.authetication" /><diagnostic type="fraction" numerator="462" denominator="462" number="1.0" string="462/462 (100%)" key="class.creation" class="String" package="java.lang" /><diagnostic type="fraction" numerator="7" denominator="9" number="0.7777777777777778" string="7/9 (77.78%)" key="mockingbird.ratio" class="Map" package="java.util" /><diagnostic type="string" string="1.7.0_17" key="java.version" /><diagnostic type="fraction" numerator="40" denominator="40" number="1.0" string="40/40 (100%)" key="mockingbird.ratio" class="StringBuilder" package="java.lang" /><diagnostic type="string" string="4" key="timing.SaveAcovTime" /><diagnostic type="number" number="30.0" string="30" key="class.proximity" class="ReaderWriter" package="com.sun.jersey.core.util" /><diagnostic type="string" string="Mock level: 5" key="test.created" fullmethod="testDoGetAuthenticateDetailsThrowsHPUFTIntegrationExceptionWithAggressiveMocks1()" method="testDoGetAuthenticateDetailsThrowsHPUFTIntegrationExceptionWithAggressiveMocks1()" class="AuthenticationDetailsAgitarTest" package="com.aexp.cicdmainframe.hpuftintegration.authetication" /><diagnostic type="number" number="1.0" string="1" key="complexity" fullmethod="&lt;init>()" method="&lt;init>()" class="AuthenticationDetails" package="com.aexp.cicdmainframe.hpuftintegration.authetication" /><diagnostic type="fraction" numerator="23" denominator="26" number="0.8846153846153846" string="23/26 (88.46%)" key="coverage.final" fullmethod="doGetAuthenticateDetails(java.lang.String param1, java.lang.String param2)" method="doGetAuthenticateDetails(String, String)" class="AuthenticationDetails" package="com.aexp.cicdmainframe.hpuftintegration.authetication" /><diagnostic type="fraction" numerator="32" denominator="61" number="0.5245901639344263" string="32/61 (52.46%)" key="coverage.aggressive" class="AuthenticationDetails" package="com.aexp.cicdmainframe.hpuftintegration.authetication" /><diagnostic type="string" string="4" key="timing.AcovCount" /><diagnostic type="fraction" numerator="4" denominator="4" number="1.0" string="4/4 (100%)" key="coverage.final" fullmethod="getInstance()" method="getInstance()" class="AuthenticationDetails" package="com.aexp.cicdmainframe.hpuftintegration.authetication" /><diagnostic type="list" key="log.user"><diagnostic type="string" string="[STATUS]  [06:49:08:922] Start generating test for class com.aexp.cicdmainframe.hpuftintegration.authetication.AuthenticationDetails&#10;" /><diagnostic type="string" string="[WARNING] [06:49:18:873] Error loading class (java.lang.NoClassDefFoundError: Could not initialize class sun.security.ssl.SSLAlgorithmConstraints)&#10;" /><diagnostic type="string" string="[WARNING] [06:50:19:958] Generation terminated due to user time limit (60 secs).&#10;" /><diagnostic type="string" string="[INFO]    [06:52:04:351] Mock sequence generator produced 10 tests (9 aggressive).&#10;" /><diagnostic type="string" string="[STATUS]  [06:52:17:499] Class com.aexp.cicdmainframe.hpuftintegration.authetication.AuthenticationDetails : test generation completed&#10;" /></diagnostic><diagnostic type="list" key="test.failing" fullmethod="doGetAuthenticateDetails(java.lang.String username, java.lang.String password)" method="doGetAuthenticateDetails(String, String)" class="AuthenticationDetails" package="com.aexp.cicdmainframe.hpuftintegration.authetication"><diagnostic type="test" string="NoClassDefFoundError: com.sun.jersey.api.client.ClientHandlerException: java.lang.RuntimeException: java.security.AccessControlException: access denied (&quot;java.net.SocketPermission&quot; &quot;epeg-e1.intra.aexp.com:6345&quot; &quot;connect,resolve&quot;)  at com.sun.jersey.client.urlconnection.URLConnectionClientHandler.handle(URLConnectionClientHandler.java:155)  at com.sun.jersey.api.client.Client.handle(Client.java:652)  at com.sun.jersey.api.client.WebResource.handle(WebResource.java:682)  at com.sun.jersey.api.client.WebResource.access$200(WebResource.java:74)  at com.sun.jersey.api.client.WebResource$Builder.get(WebResource.java:509)  at com.aexp.cicdmainframe.hpuftintegration.authetication.AuthenticationDetails.doGetAuthenticateDetails(AuthenticationDetails.java:100)  at com.aexp.cicdmainframe.hpuftintegration.authetication.AuthenticationDetailsAgitarTest.testDoGetAuthenticateDetailsThrowsNoClassDefFoundError(AuthenticationDetailsAgitarTest.java:441)  at com.agitar.tbe.junitgen.g.run(g.java:129)  at java.lang.Thread.run(Unknown Source) Caused by: java.lang.RuntimeException: java.security.AccessControlException: access denied (&quot;java.net.SocketPermission&quot; &quot;epeg-e1.intra.aexp.com:6345&quot; &quot;connect,resolve&quot;)  at sun.net.www.protocol.http.HttpURLConnection.getInputStream(Unknown Source)  at sun.net.www.protocol.http.HttpURLConnection.getHeaderField(Unknown Source)  at java.net.HttpURLConnection.getResponseCode(Unknown Source)  at sun.net.www.protocol.https.HttpsURLConnectionImpl.getResponseCode(Unknown Source)  at com.sun.jersey.client.urlconnection.URLConnectionClientHandler._invoke(URLConnectionClientHandler.java:253)  at com.sun.jersey.client.urlconnection.URLConnectionClientHandler.handle(URLConnectionClientHandler.java:153)  ... 8 more Caused by: java.security.AccessControlException: access denied (&quot;java.net.SocketPermission&quot; &quot;epeg-e1.intra.aexp.com:6345&quot; &quot;connect,resolve&quot;)  at java.security.AccessControlContext.checkPermission(Unknown Source)  at java.security.AccessController.checkPermission(Unknown Source)  at com.agitar.security.x.checkPermission(x.java:51)  at java.lang.SecurityManager.checkConnect(Unknown Source)  at sun.net.www.http.HttpClient.openServer(Unknown Source)  at sun.net.www.protocol.https.HttpsClient.&lt;init>(Unknown Source)  at sun.net.www.protocol.https.HttpsClient.New(Unknown Source)  at sun.net.www.protocol.https.AbstractDelegateHttpsURLConnection.getNewHttpClient(Unknown Source)  at sun.net.www.protocol.http.HttpURLConnection.plainConnect(Unknown Source)  at sun.net.www.protocol.https.AbstractDelegateHttpsURLConnection.connect(Unknown Source)  at sun.net.www.protocol.http.HttpURLConnection.getInputStream(Unknown Source)  ... 12 more" mocklevel="2" reason="com.sun.jersey.api.client.ClientHandlerException: java.lang.RuntimeException: java.security.AccessControlException: access denied (&quot;java.net.SocketPermission&quot; &quot;epeg-e1.intra.aexp.com:6345&quot; &quot;connect,resolve&quot;)  at com.sun.jersey.client.urlconnection.URLConnectionClientHandler.handle(URLConnectionClientHandler.java:155)  at com.sun.jersey.api.client.Client.handle(Client.java:652)  at com.sun.jersey.api.client.WebResource.handle(WebResource.java:682)  at com.sun.jersey.api.client.WebResource.access$200(WebResource.java:74)  at com.sun.jersey.api.client.WebResource$Builder.get(WebResource.java:509)  at com.aexp.cicdmainframe.hpuftintegration.authetication.AuthenticationDetails.doGetAuthenticateDetails(AuthenticationDetails.java:100)  at com.aexp.cicdmainframe.hpuftintegration.authetication.AuthenticationDetailsAgitarTest.testDoGetAuthenticateDetailsThrowsNoClassDefFoundError(AuthenticationDetailsAgitarTest.java:441)  at com.agitar.tbe.junitgen.g.run(g.java:129)  at java.lang.Thread.run(Unknown Source) Caused by: java.lang.RuntimeException: java.security.AccessControlException: access denied (&quot;java.net.SocketPermission&quot; &quot;epeg-e1.intra.aexp.com:6345&quot; &quot;connect,resolve&quot;)  at sun.net.www.protocol.http.HttpURLConnection.getInputStream(Unknown Source)  at sun.net.www.protocol.http.HttpURLConnection.getHeaderField(Unknown Source)  at java.net.HttpURLConnection.getResponseCode(Unknown Source)  at sun.net.www.protocol.https.HttpsURLConnectionImpl.getResponseCode(Unknown Source)  at com.sun.jersey.client.urlconnection.URLConnectionClientHandler._invoke(URLConnectionClientHandler.java:253)  at com.sun.jersey.client.urlconnection.URLConnectionClientHandler.handle(URLConnectionClientHandler.java:153)  ... 8 more Caused by: java.security.AccessControlException: access denied (&quot;java.net.SocketPermission&quot; &quot;epeg-e1.intra.aexp.com:6345&quot; &quot;connect,resolve&quot;)  at java.security.AccessControlContext.checkPermission(Unknown Source)  at java.security.AccessController.checkPermission(Unknown Source)  at com.agitar.security.x.checkPermission(x.java:51)  at java.lang.SecurityManager.checkConnect(Unknown Source)  at sun.net.www.http.HttpClient.openServer(Unknown Source)  at sun.net.www.protocol.https.HttpsClient.&lt;init>(Unknown Source)  at sun.net.www.protocol.https.HttpsClient.New(Unknown Source)  at sun.net.www.protocol.https.AbstractDelegateHttpsURLConnection.getNewHttpClient(Unknown Source)  at sun.net.www.protocol.http.HttpURLConnection.plainConnect(Unknown Source)  at sun.net.www.protocol.https.AbstractDelegateHttpsURLConnection.connect(Unknown Source)  at sun.net.www.protocol.http.HttpURLConnection.getInputStream(Unknown Source)  ... 12 more" coverage="0011010111111111110110011111000 [31]" outcome="java.lang.NoClassDefFoundError"><source>AuthenticationDetails.getInstance().doGetAuthenticateDetails("testAuthenticationDetailsUsername", "testAuthenticationDetailsPassword");
</source><diagnostic type="error" log-message="compile and run failure" string="compile and run failure" /></diagnostic><diagnostic type="test" string="HPUFTIntegrationException: 0,1,0,1" mocklevel="5" reason="0,1,0,1" coverage="0011100000000000000000000000010 [31]" outcome="com.aexp.cicdmainframe.hpuftintegration.exception.HPUFTIntegrationException"><source>AuthenticationDetails authenticationDetails = (AuthenticationDetails) Mockingbird.getProxyObject(AuthenticationDetails.class, true);
Mockingbird.enterRecordingMode();
Mockingbird.replaceObjectForRecording(HPUFTIntegrationException.class, "&lt;init>(java.lang.String)", Mockingbird.getProxyObject(HPUFTIntegrationException.class));
Mockingbird.enterTestMode(AuthenticationDetails.class);
Mockingbird.enterTestMode(AuthenticationDetails.class);
authenticationDetails.doGetAuthenticateDetails(null, "");
</source><diagnostic type="error" log-message="method passed with unstable assertions" string="method passed with unstable assertions" /></diagnostic><diagnostic type="test" string="HPUFTIntegrationException: 0,1,0,1" mocklevel="5" reason="0,1,0,1" coverage="0011011000000000000000000000010 [31]" outcome="com.aexp.cicdmainframe.hpuftintegration.exception.HPUFTIntegrationException"><source>AuthenticationDetails authenticationDetails = (AuthenticationDetails) Mockingbird.getProxyObject(AuthenticationDetails.class, true);
Mockingbird.enterRecordingMode();
Mockingbird.replaceObjectForRecording(HPUFTIntegrationException.class, "&lt;init>(java.lang.String)", Mockingbird.getProxyObject(HPUFTIntegrationException.class));
Mockingbird.enterTestMode(AuthenticationDetails.class);
Mockingbird.enterTestMode(AuthenticationDetails.class);
authenticationDetails.doGetAuthenticateDetails("", null);
</source><diagnostic type="error" log-message="method passed with unstable assertions" string="method passed with unstable assertions" /></diagnostic></diagnostic><diagnostic type="number" number="30.0" string="30" key="class.proximity" class="NewCookie" package="javax.ws.rs.core" /><diagnostic type="fraction" numerator="57" denominator="60" number="0.95" string="57/60 (95%)" key="coverage.final" class="AuthenticationDetails" package="com.aexp.cicdmainframe.hpuftintegration.authetication" /><diagnostic type="number" number="30.0" string="30" key="class.proximity" class="ClientHandlerException" package="com.sun.jersey.api.client" /><diagnostic type="list" key="test.failing" fullmethod="getInstance()" method="getInstance()" class="AuthenticationDetails" package="com.aexp.cicdmainframe.hpuftintegration.authetication"><diagnostic type="test" string="Normal: coverage changed: -26 -28 +30F1 -30T1 -31" mocklevel="0" reason="coverage changed: -26 -28 +30F1 -30T1 -31" coverage="1110111 [7]" outcome="Normal"><source>// filtered callback (target type): 1 &lt;init>() ref[AuthenticationDetails@4b5fd811/notnull][] = ref[AuthenticationDetails@4b5fd811/notnull] throws ref[NULL] (x1)
AuthenticationDetails.getInstance();
</source><diagnostic type="error" log-message="Mocking Failing Operations failed" string="Mocking Failing Operations failed" /></diagnostic><diagnostic type="test" string="Normal: for ref[AuthenticationDetails@4b5fd811/notnull] expected &quot;com.aexp.cicdmainframe.hpuftintegration.authetication.AuthenticationDetails@259d5412&quot; but got &quot;com.aexp.cicdmainframe.hpuftintegration.authetication.AuthenticationDetails@4b5fd811&quot;" mocklevel="3" reason="for ref[AuthenticationDetails@4b5fd811/notnull] expected &quot;com.aexp.cicdmainframe.hpuftintegration.authetication.AuthenticationDetails@259d5412&quot; but got &quot;com.aexp.cicdmainframe.hpuftintegration.authetication.AuthenticationDetails@4b5fd811&quot;" operation="#1172443633 com.aexp.cicdmainframe.hpuftintegration.authetication.AuthenticationDetails.getInstance() Params: [] Ret: ref[AuthenticationDetails@4b5fd811/notnull]" coverage="1110111 [7]" outcome="Normal"><source>// filtered callback (target type): 1 &lt;init>() ref[AuthenticationDetails@4b5fd811/notnull][] = ref[AuthenticationDetails@4b5fd811/notnull] throws ref[NULL] (x1)
AuthenticationDetails.getInstance();
</source><diagnostic type="error" exception-class="com.agitar.tbe.recorder.a" exception-message="for ref[AuthenticationDetails@4b5fd811/notnull] expected &quot;com.aexp.cicdmainframe.hpuftintegration.authetication.AuthenticationDetails@259d5412&quot; but got &quot;com.aexp.cicdmainframe.hpuftintegration.authetication.AuthenticationDetails@4b5fd811&quot;" string="a: &quot;for ref[AuthenticationDetails@4b5fd811/notnull] expected &quot;com.aexp.cicdmainframe.hpuftintegration.authetication.AuthenticationDetails@259d5412&quot; but got &quot;com.aexp.cicdmainframe.hpuftintegration.authetication.AuthenticationDetails@4b5fd811&quot;&quot; at w.a() line 78 at kb.a() line 279"><trace class="com.agitar.tbe.recorder.w" method="a" line="78" /><trace class="com.agitar.tbe.recorder.operations.kb" method="a" line="279" /><trace class="com.agitar.tbe.recorder.operations.r" method="a" line="205" /><trace class="com.agitar.tbe.recorder.operations.f" method="a" line="97" /><trace class="com.agitar.tbe.recorder.gc" method="a" line="252" /><trace class="com.agitar.tbe.recorder.gc" method="f" line="160" /><trace class="com.agitar.tbe.d" method="a" line="50" /><trace class="com.agitar.tbe.j" method="run" line="227" /></diagnostic></diagnostic><diagnostic type="test" string="Normal: coverage changed: -26 -28 +30F1 -30T1 -31" mocklevel="3" reason="coverage changed: -26 -28 +30F1 -30T1 -31" coverage="1110111 [7]" outcome="Normal"><source>// filtered callback (target type): 1 &lt;init>() ref[AuthenticationDetails@4b5fd811/notnull][] = ref[AuthenticationDetails@4b5fd811/notnull] throws ref[NULL] (x1)
AuthenticationDetails.getInstance();
</source><diagnostic type="error" log-message="Failed prefiltering" string="Failed prefiltering" /></diagnostic></diagnostic><diagnostic type="number" number="30.0" string="30" key="class.proximity" class="PropertiesCache$1" package="com.aexp.cicdmainframe.hpuftintegration" /><diagnostic type="number" number="65.0" string="65" key="class.proximity" class="Base64" package="com.sun.jersey.core.util" /><diagnostic type="fraction" numerator="4" denominator="4" number="1.0" string="4/4 (100%)" key="coverage.agitation" fullmethod="getInstance()" method="getInstance()" class="AuthenticationDetails" package="com.aexp.cicdmainframe.hpuftintegration.authetication" /><diagnostic type="number" number="6.0" string="6" key="complexity" fullmethod="getAuthenticateDetails()" method="getAuthenticateDetails()" class="AuthenticationDetails" package="com.aexp.cicdmainframe.hpuftintegration.authetication" /><diagnostic type="fraction" numerator="23" denominator="26" number="0.8846153846153846" string="23/26 (88.46%)" key="coverage.agitation" fullmethod="doGetAuthenticateDetails(java.lang.String param1, java.lang.String param2)" method="doGetAuthenticateDetails(String, String)" class="AuthenticationDetails" package="com.aexp.cicdmainframe.hpuftintegration.authetication" /><diagnostic type="string" string="Mock level: 0" key="test.created" fullmethod="testDoGetAuthenticateDetailsThrowsNoClassDefFoundError()" method="testDoGetAuthenticateDetailsThrowsNoClassDefFoundError()" class="AuthenticationDetailsAgitarTest" package="com.aexp.cicdmainframe.hpuftintegration.authetication" /><diagnostic type="number" number="30.0" string="30" key="class.proximity" class="UniformInterface" package="com.sun.jersey.api.client" /><diagnostic type="fraction" numerator="57" denominator="60" number="0.95" string="57/60 (95%)" key="coverage.agitation" class="AuthenticationDetails" package="com.aexp.cicdmainframe.hpuftintegration.authetication" /><diagnostic type="number" number="30.0" string="30" key="class.proximity" class="EntityTag" package="javax.ws.rs.core" /><diagnostic type="number" number="30.0" string="30" key="class.proximity" class="RuntimeDelegate$HeaderDelegate" package="javax.ws.rs.ext" /><diagnostic type="number" number="30.0" string="30" key="class.proximity" class="ClientConfig" package="com.sun.jersey.api.client.config" /><diagnostic type="number" number="30.0" string="30" key="class.proximity" class="PartialRequestBuilder" package="com.sun.jersey.api.client" /><diagnostic type="string" string="AgitarOne Version 6.0.0.000016 (Build date: Aug 05, 2013) [6.0.0.000016]" key="agitar.version" /><diagnostic type="string" string="Agitar internal" key="helpers.unused.internal.classes" class="ScopedTestHelper" package="com.agitar.lib" /><diagnostic type="number" number="30.0" string="30" key="class.proximity" class="HPUFTIntegrationConstants" package="com.aexp.cicdmainframe.hpuftintegration" /><diagnostic type="number" number="30.0" string="30" key="class.proximity" class="Response$Status" package="javax.ws.rs.core" /><diagnostic type="number" number="30.0" string="30" key="class.proximity" class="WebResource$1" package="com.sun.jersey.api.client" /><diagnostic type="fraction" numerator="15" denominator="30" number="0.5" string="15/30 (50%)" key="mockingbird.ratio" class="PropertiesCache" package="com.aexp.cicdmainframe.hpuftintegration" /><diagnostic type="number" number="30.0" string="30" key="class.proximity" class="CompletableReader" package="com.sun.jersey.core.provider" /><diagnostic type="string" string="com.aexp.cicdmainframe.hpuftintegration.authetication.AuthenticationDetails" key="target.class.name" /><diagnostic type="string" string="Mock level: 5" key="test.created" fullmethod="testDoGetAuthenticateDetailsWithAggressiveMocks()" method="testDoGetAuthenticateDetailsWithAggressiveMocks()" class="AuthenticationDetailsAgitarTest" package="com.aexp.cicdmainframe.hpuftintegration.authetication" /><diagnostic type="fraction" numerator="3" denominator="4" number="0.75" string="3/4 (75%)" key="coverage.testgen" fullmethod="getInstance()" method="getInstance()" class="AuthenticationDetails" package="com.aexp.cicdmainframe.hpuftintegration.authetication" /><diagnostic type="fraction" numerator="10" denominator="20" number="0.5" string="10/20 (50%)" key="mockingbird.ratio" class="Iterator" package="java.util" /><diagnostic type="number" number="917.0" string="917" key="memory.max.final" /><diagnostic type="number" number="364.0" string="364" key="memory.total.final" /><diagnostic type="string" string="Mock level: 5" key="test.created" fullmethod="testDoGetAuthenticateDetailsThrowsHPUFTIntegrationExceptionWithAggressiveMocks2()" method="testDoGetAuthenticateDetailsThrowsHPUFTIntegrationExceptionWithAggressiveMocks2()" class="AuthenticationDetailsAgitarTest" package="com.aexp.cicdmainframe.hpuftintegration.authetication" /><diagnostic type="fraction" numerator="26" denominator="26" number="1.0" string="26/26 (100%)" key="coverage.testgen" fullmethod="doGetAuthenticateDetails(java.lang.String param1, java.lang.String param2)" method="doGetAuthenticateDetails(String, String)" class="AuthenticationDetails" package="com.aexp.cicdmainframe.hpuftintegration.authetication" /><diagnostic type="fraction" numerator="59" denominator="60" number="0.9833333333333333" string="59/60 (98.33%)" key="coverage.testgen" class="AuthenticationDetails" package="com.aexp.cicdmainframe.hpuftintegration.authetication" /><diagnostic type="string" string="Mock level: 0" key="test.created" fullmethod="testConstructor()" method="testConstructor()" class="AuthenticationDetailsAgitarTest" package="com.aexp.cicdmainframe.hpuftintegration.authetication" /><diagnostic type="string" string="Mock level: 5" key="test.created" fullmethod="testGetAuthenticateDetailsThrowsHPUFTIntegrationExceptionWithAggressiveMocks1()" method="testGetAuthenticateDetailsThrowsHPUFTIntegrationExceptionWithAggressiveMocks1()" class="AuthenticationDetailsAgitarTest" package="com.aexp.cicdmainframe.hpuftintegration.authetication" /><diagnostic type="number" number="30.0" string="30" key="class.proximity" class="MediaType" package="javax.ws.rs.core" /><diagnostic type="number" number="8.0" string="8" key="thread.count.final" /><diagnostic type="fraction" numerator="136" denominator="273" number="0.4981684981684982" string="136/273 (49.82%)" key="mockingbird.ratio.total" /><diagnostic type="string" string="876" key="timing.Loading" /><diagnostic type="number" number="30.0" string="30" key="class.proximity" class="Response" package="javax.ws.rs.core" /><diagnostic type="string" string="Mock level: 0" key="test.created" fullmethod="testGetAuthenticateDetailsThrowsNoClassDefFoundError()" method="testGetAuthenticateDetailsThrowsNoClassDefFoundError()" class="AuthenticationDetailsAgitarTest" package="com.aexp.cicdmainframe.hpuftintegration.authetication" /><diagnostic type="number" number="65.0" string="65" key="class.proximity" class="MultivaluedMap" package="javax.ws.rs.core" /><diagnostic type="string" string="Mock level: 5" key="test.created" fullmethod="testDoGetAuthenticateDetailsThrowsHPUFTIntegrationExceptionWithAggressiveMocks3()" method="testDoGetAuthenticateDetailsThrowsHPUFTIntegrationExceptionWithAggressiveMocks3()" class="AuthenticationDetailsAgitarTest" package="com.aexp.cicdmainframe.hpuftintegration.authetication" /></diagnostics></report>