<report date="Thu Feb 16 12:28:07 PST 2017"><problems><problem id="1329" severity="303" message="problem.low.coverage" class="com.aexp.cicdmainframe.hpuftintegration.HPUFTIntegrationUtil">There were lines and conditions in HPUFTIntegrationUtil that AgitarOne could not exercise. 43.4% of the class could not be covered.<diagnostic type="number" number="0.4339622641509434" string="0.43" /></problem></problems><solutions><solution rating="3" problemid="1329" message="solution.datahelper.state" class="com.aexp.cicdmainframe.hpuftintegration.HPUFTIntegrationUtil">Write a test data helper that creates parameters that HPUFTIntegrationUtil needs. Create the parameters in the states needed to reach the uncovered sections.</solution></solutions><diagnostics><diagnostic type="list" key="classpath.library"><diagnostic type="string" string="lib/log4j-1.2.16.jar" /><diagnostic type="string" string="lib/jersey-client-2.25.jar" /><diagnostic type="string" string="lib/jersey-common-2.25.jar" /><diagnostic type="string" string="lib/junit-4.11.jar" /><diagnostic type="string" string="lib/jersey-bundle-1.19.1.jar" /><diagnostic type="string" string="397b70e312007dc1a804702498bb25a5/jersey-client-1.19.3.jar" /><diagnostic type="string" string="2686f545a2ce8141a152d83a264ecdb2/org.agitar.mock5.jar" /><diagnostic type="string" string="9d72a569b9ccb71e95c1e889cd08a1f2/com.agitar.mockingbird.jar" /></diagnostic><diagnostic type="number" number="30.0" string="30" key="class.proximity" class="GetInstance" package="sun.security.jca" /><diagnostic type="fraction" numerator="69" denominator="69" number="1.0" string="69/69 (100%)" key="class.creation" class="Entity" package="com.aexp.cicdmainframe.hpuftintegration.bvssuite" /><diagnostic type="fraction" numerator="60" denominator="106" number="0.5660377358490566" string="60/106 (56.6%)" key="coverage.final" class="HPUFTIntegrationUtil" package="com.aexp.cicdmainframe.hpuftintegration" /><diagnostic type="number" number="25.0" string="25" key="complexity" class="HPUFTIntegrationUtil" package="com.aexp.cicdmainframe.hpuftintegration" /><diagnostic type="string" string="bin" key="classpath.user" /><diagnostic type="string" string="0" key="timing.Repeat" /><diagnostic type="string" string="917" key="timing.Boundary" /><diagnostic type="string" string="2174" key="timing.Analysis" /><diagnostic type="string" string="57" key="timing.setup" /><diagnostic type="number" number="65.0" string="65" key="class.proximity" class="KeyManagerFactory" package="javax.net.ssl" /><diagnostic type="number" number="30.0" string="30" key="class.proximity" class="SSLContextSpi" package="javax.net.ssl" /><diagnostic type="string" string="/opt/agitar/agitarOne/work/cu038.virtual.aedc.extra.aexp.com-agitar-0/986cfcf819ebbf5857d8c94307e65fcc/HpUftIntegration" key="user.dir" /><diagnostic type="number" number="1.0" string="1" key="complexity" fullmethod="getPassword()" method="getPassword()" class="HPUFTIntegrationUtil" package="com.aexp.cicdmainframe.hpuftintegration" /><diagnostic type="fraction" numerator="1" denominator="1" number="1.0" string="1/1 (100%)" key="coverage.final" fullmethod="getPassword()" method="getPassword()" class="HPUFTIntegrationUtil" package="com.aexp.cicdmainframe.hpuftintegration" /><diagnostic type="number" number="65.0" string="65" key="class.proximity" class="Entities" package="com.aexp.cicdmainframe.hpuftintegration.bvssuite" /><diagnostic type="number" number="0.0" string="0" key="memory.ooms" /><diagnostic type="fraction" numerator="14" denominator="14" number="1.0" string="14/14 (100%)" key="coverage.final" fullmethod="createRequestEntity()" method="createRequestEntity()" class="HPUFTIntegrationUtil" package="com.aexp.cicdmainframe.hpuftintegration" /><diagnostic type="fraction" numerator="13" denominator="54" number="0.24074074074074073" string="13/54 (24.07%)" key="coverage.final" fullmethod="getSSLContext()" method="getSSLContext()" class="HPUFTIntegrationUtil" package="com.aexp.cicdmainframe.hpuftintegration" /><diagnostic type="number" number="65.0" string="65" key="class.proximity" class="SSLContext" package="javax.net.ssl" /><diagnostic type="number" number="30.0" string="30" key="class.proximity" class="KeyManagerFactory$1" package="javax.net.ssl" /><diagnostic type="fraction" numerator="2" denominator="2" number="1.0" string="2/2 (100%)" key="coverage.final" fullmethod="&lt;init>()" method="&lt;init>()" class="HPUFTIntegrationUtil" package="com.aexp.cicdmainframe.hpuftintegration" /><diagnostic type="number" number="1.0" string="1" key="complexity" fullmethod="&lt;init>()" method="&lt;init>()" class="HPUFTIntegrationUtil" package="com.aexp.cicdmainframe.hpuftintegration" /><diagnostic type="number" number="65.0" string="65" key="class.proximity" class="Field" package="com.aexp.cicdmainframe.hpuftintegration.bvssuite" /><diagnostic type="number" number="9.0" string="9" key="complexity" fullmethod="getSSLContext()" method="getSSLContext()" class="HPUFTIntegrationUtil" package="com.aexp.cicdmainframe.hpuftintegration" /><diagnostic type="number" number="1.0" string="1" key="complexity" fullmethod="createRequestEntity()" method="createRequestEntity()" class="HPUFTIntegrationUtil" package="com.aexp.cicdmainframe.hpuftintegration" /><diagnostic type="list" key="java.vmargs"><diagnostic type="string" string="-Xms128m" /><diagnostic type="string" string="-Xmx512m" /><diagnostic type="string" string="-Duser.language=en" /><diagnostic type="string" string="-Duser.country=US" /><diagnostic type="string" string="-Dagitar.test.gen.source.folder=test" /><diagnostic type="string" string="-Djava5.home=/opt/agitar/agitarOne/platforms/linux/x86_64/java/Sun/1.5" /><diagnostic type="string" string="-Dagitar.time.scaling.factor=1" /><diagnostic type="string" string="-Dagitar.job.md5=986cfcf819ebbf5857d8c94307e65fcc" /></diagnostic><diagnostic type="string" string="1.7.0_17" key="java.version" /><diagnostic type="string" string="5" key="timing.SaveAcovTime" /><diagnostic type="string" string="Agitar internal" key="helpers.unused.internal.classes" class="SetupHelper" package="com.agitar.lib" /><diagnostic type="number" number="1.0" string="1" key="agitated.classes" /><diagnostic type="string" string="100" key="timing.Cov%" /><diagnostic type="string" string="plugins/com.agitar.agitator_6.0.0.000016/lib/ext/com.agitar.enterprise5.jar" key="classpath.extension" /><diagnostic type="fraction" numerator="4" denominator="4" number="1.0" string="4/4 (100%)" key="coverage.final" fullmethod="getInstance()" method="getInstance()" class="HPUFTIntegrationUtil" package="com.aexp.cicdmainframe.hpuftintegration" /><diagnostic type="string" string="5" key="timing.AcovCount" /><diagnostic type="number" number="2.0" string="2" key="complexity" fullmethod="getInstance()" method="getInstance()" class="HPUFTIntegrationUtil" package="com.aexp.cicdmainframe.hpuftintegration" /><diagnostic type="list" key="log.user"><diagnostic type="string" string="[INFO]    [12:27:56:064] Calling setup method(s) took 5 ms.&#10;" /><diagnostic type="string" string="[INFO]    [12:27:56:314] Calling setup method(s) took 57 ms.&#10;" /><diagnostic type="string" string="[STATUS]  [12:27:56:572] Agitating class com.aexp.cicdmainframe.hpuftintegration.HPUFTIntegrationUtil at Normal with limit of 60 secs.&#10;" /><diagnostic type="string" string="[STATUS]  [12:28:05:203] Class com.aexp.cicdmainframe.hpuftintegration.HPUFTIntegrationUtil  Outcome: WARNING Assertion: N/A&#10;" /><diagnostic type="string" string="[INFO]    [12:28:05:210] Calling shutdown method(s) took 5 ms.&#10;" /></diagnostic><diagnostic type="number" number="30.0" string="30" key="class.proximity" class="SSLPermission" package="javax.net.ssl" /><diagnostic type="number" number="30.0" string="30" key="class.proximity" class="GetInstance$Instance" package="sun.security.jca" /><diagnostic type="number" number="4.0" string="4" key="complexity" fullmethod="getproceduresBVSIdList(com.aexp.cicdmainframe.hpuftintegration.bvssuite.Entities param1)" method="getproceduresBVSIdList(Entities)" class="HPUFTIntegrationUtil" package="com.aexp.cicdmainframe.hpuftintegration" /><diagnostic type="fraction" numerator="9" denominator="12" number="0.75" string="9/12 (75%)" key="coverage.final" fullmethod="getproceduresBVSIdList(com.aexp.cicdmainframe.hpuftintegration.bvssuite.Entities param1)" method="getproceduresBVSIdList(Entities)" class="HPUFTIntegrationUtil" package="com.aexp.cicdmainframe.hpuftintegration" /><diagnostic type="number" number="30.0" string="30" key="class.proximity" class="XmlElement" package="javax.xml.bind.annotation" /><diagnostic type="fraction" numerator="6" denominator="6" number="1.0" string="6/6 (100%)" key="coverage.final" fullmethod="getEncodedCredentials(java.lang.String param1, java.lang.String param2)" method="getEncodedCredentials(String, String)" class="HPUFTIntegrationUtil" package="com.aexp.cicdmainframe.hpuftintegration" /><diagnostic type="number" number="1.0" string="1" key="complexity" fullmethod="getEncodedCredentials(java.lang.String param1, java.lang.String param2)" method="getEncodedCredentials(String, String)" class="HPUFTIntegrationUtil" package="com.aexp.cicdmainframe.hpuftintegration" /><diagnostic type="string" string="agitar/config" key="config.path" /><diagnostic type="fraction" numerator="1338" denominator="1338" number="1.0" string="1338/1338 (100%)" key="class.creation" class="HPUFTIntegrationUtil" package="com.aexp.cicdmainframe.hpuftintegration" /><diagnostic type="number" number="1.0" string="1" key="complexity" fullmethod="setUsername(java.lang.String param1)" method="setUsername(String)" class="HPUFTIntegrationUtil" package="com.aexp.cicdmainframe.hpuftintegration" /><diagnostic type="number" number="8.0" string="8" key="thread.count.initial" /><diagnostic type="fraction" numerator="2" denominator="2" number="1.0" string="2/2 (100%)" key="coverage.final" fullmethod="setUsername(java.lang.String param1)" method="setUsername(String)" class="HPUFTIntegrationUtil" package="com.aexp.cicdmainframe.hpuftintegration" /><diagnostic type="number" number="65.0" string="65" key="class.proximity" class="Fields" package="com.aexp.cicdmainframe.hpuftintegration.bvssuite" /><diagnostic type="number" number="1.0" string="1" key="complexity" fullmethod="setPassword(java.lang.String param1)" method="setPassword(String)" class="HPUFTIntegrationUtil" package="com.aexp.cicdmainframe.hpuftintegration" /><diagnostic type="fraction" numerator="2" denominator="2" number="1.0" string="2/2 (100%)" key="coverage.final" fullmethod="setPassword(java.lang.String param1)" method="setPassword(String)" class="HPUFTIntegrationUtil" package="com.aexp.cicdmainframe.hpuftintegration" /><diagnostic type="number" number="65.0" string="65" key="class.proximity" class="Base64" package="com.sun.jersey.core.util" /><diagnostic type="number" number="30.0" string="30" key="class.proximity" class="byte[]" package="" /><diagnostic type="number" number="65.0" string="65" key="class.proximity" class="Entity" package="com.aexp.cicdmainframe.hpuftintegration.bvssuite" /><diagnostic type="number" number="323.0" string="323" key="memory.available.final" /><diagnostic type="fraction" numerator="28" denominator="28" number="1.0" string="28/28 (100%)" key="class.creation" class="Entities" package="com.aexp.cicdmainframe.hpuftintegration.bvssuite" /><diagnostic type="string" string="204" key="timing.Instrumentation" /><diagnostic type="number" number="30.0" string="30" key="class.proximity" class="XmlRootElement" package="javax.xml.bind.annotation" /><diagnostic type="fraction" numerator="15" denominator="15" number="1.0" string="15/15 (100%)" key="class.creation" class="Field" package="com.aexp.cicdmainframe.hpuftintegration.bvssuite" /><diagnostic type="number" number="30.0" string="30" key="class.proximity" class="XmlAttribute" package="javax.xml.bind.annotation" /><diagnostic type="string" string="AgitarOne Version 6.0.0.000016 (Build date: Aug 05, 2013) [6.0.0.000016]" key="agitar.version" /><diagnostic type="string" string="Agitar internal" key="helpers.unused.internal.classes" class="ScopedTestHelper" package="com.agitar.lib" /><diagnostic type="number" number="3.0" string="3" key="complexity" fullmethod="getBVSId(com.aexp.cicdmainframe.hpuftintegration.bvssuite.Entity param1)" method="getBVSId(Entity)" class="HPUFTIntegrationUtil" package="com.aexp.cicdmainframe.hpuftintegration" /><diagnostic type="fraction" numerator="6" denominator="8" number="0.75" string="6/8 (75%)" key="coverage.final" fullmethod="getBVSId(com.aexp.cicdmainframe.hpuftintegration.bvssuite.Entity param1)" method="getBVSId(Entity)" class="HPUFTIntegrationUtil" package="com.aexp.cicdmainframe.hpuftintegration" /><diagnostic type="string" string="3208" key="timing.Normal" /><diagnostic type="string" string="com.aexp.cicdmainframe.hpuftintegration.HPUFTIntegrationUtil" key="target.class.name" /><diagnostic type="number" number="84.0" string="84" key="memory.free.final" /><diagnostic type="number" number="30.0" string="30" key="class.proximity" class="KeyManagerFactorySpi" package="javax.net.ssl" /><diagnostic type="number" number="220.0" string="220" key="memory.total.final" /><diagnostic type="number" number="458.0" string="458" key="memory.max.final" /><diagnostic type="string" string="Linux" key="os.name" /><diagnostic type="fraction" numerator="1" denominator="1" number="1.0" string="1/1 (100%)" key="coverage.final" fullmethod="getUsername()" method="getUsername()" class="HPUFTIntegrationUtil" package="com.aexp.cicdmainframe.hpuftintegration" /><diagnostic type="number" number="1.0" string="1" key="complexity" fullmethod="getUsername()" method="getUsername()" class="HPUFTIntegrationUtil" package="com.aexp.cicdmainframe.hpuftintegration" /><diagnostic type="string" string="2.6.18-194.el5" key="os.version" /><diagnostic type="list" key="classpath.agitar"><diagnostic type="string" string="plugins/com.agitar.agitator_6.0.0.000016/com.agitar.agitator.jar" /><diagnostic type="string" string="plugins/com.agitar.agitator_6.0.0.000016/com.agitar.knowledge.jar" /><diagnostic type="string" string="plugins/com.agitar.agitator_6.0.0.000016/com.agitar.tools.jar" /><diagnostic type="string" string="plugins/com.agitar.agitator_6.0.0.000016/lib/agitar-crimson.jar" /><diagnostic type="string" string="plugins/com.agitar.agitator_6.0.0.000016/lib/agitar-gnu-regexp-1.1.4.jar" /><diagnostic type="string" string="plugins/com.agitar.agitator_6.0.0.000016/lib/agitar-org.eclipse.jdt.core_3.6.0.jar" /><diagnostic type="string" string="plugins/com.agitar.agitator_6.0.0.000016/lib/agitator-lib.jar" /><diagnostic type="string" string="plugins/com.agitar.agitator_6.0.0.000016/lib/antlr-2.7.5H3.jar" /><diagnostic type="string" string="plugins/com.agitar.agitator_6.0.0.000016/lib/checkstyle-5.6-all.jar" /><diagnostic type="string" string="plugins/com.agitar.agitator_6.0.0.000016/lib/commons-beanutils-core.jar" /><diagnostic type="string" string="plugins/com.agitar.agitator_6.0.0.000016/lib/commons-beanutils.jar" /><diagnostic type="string" string="plugins/com.agitar.agitator_6.0.0.000016/lib/commons-collections.jar" /><diagnostic type="string" string="plugins/com.agitar.agitator_6.0.0.000016/lib/fast-md5.jar" /><diagnostic type="string" string="plugins/com.agitar.agitator_6.0.0.000016/lib/isorelax.jar" /><diagnostic type="string" string="plugins/com.agitar.agitator_6.0.0.000016/lib/lucene-1.5-rc1-dev.jar" /><diagnostic type="string" string="plugins/com.agitar.agitator_6.0.0.000016/lib/msv.jar" /><diagnostic type="string" string="plugins/com.agitar.agitator_6.0.0.000016/lib/relaxngDatatype.jar" /><diagnostic type="string" string="plugins/com.agitar.agitator_6.0.0.000016/lib/xmlgen.jar" /><diagnostic type="string" string="plugins/com.agitar.agitator_6.0.0.000016/lib/xsdlib.jar" /><diagnostic type="string" string="plugins/com.agitar.agitator_6.0.0.000016/lib/xstream-1.2.2.jar" /><diagnostic type="string" string="plugins/com.agitar.eclipse.coverage_6.0.0.000016/com.agitar.asm.jar" /><diagnostic type="string" string="plugins/com.agitar.eclipse.coverage_6.0.0.000016/com.agitar.check.jar" /><diagnostic type="string" string="plugins/com.agitar.eclipse.coverage_6.0.0.000016/com.agitar.common.jar" /><diagnostic type="string" string="plugins/com.agitar.eclipse.coverage_6.0.0.000016/com.agitar.coverage.jar" /><diagnostic type="string" string="plugins/com.agitar.eclipse.coverage_6.0.0.000016/com.agitar.eclipse.core.jar" /><diagnostic type="string" string="plugins/com.agitar.eclipse.coverage_6.0.0.000016/com.agitar.eclipse.coverage.jar" /><diagnostic type="string" string="plugins/com.agitar.eclipse.coverage_6.0.0.000016/com.agitar.eclipse.project.mock.jar" /><diagnostic type="string" string="plugins/com.agitar.eclipse.coverage_6.0.0.000016/lib/commons-cli-1.0.jar" /><diagnostic type="string" string="plugins/com.agitar.eclipse.coverage_6.0.0.000016/lib/commons-codec-1.3.jar" /><diagnostic type="string" string="plugins/com.agitar.eclipse.coverage_6.0.0.000016/lib/commons-httpclient-3.1.jar" /><diagnostic type="string" string="plugins/com.agitar.eclipse.coverage_6.0.0.000016/lib/commons-logging.jar" /><diagnostic type="string" string="plugins/com.agitar.eclipse.coverage_6.0.0.000016/lib/ezlicgen30.jar" /><diagnostic type="string" string="plugins/com.agitar.eclipse.coverage_6.0.0.000016/lib/ezlicrun30.jar" /><diagnostic type="string" string="plugins/com.agitar.eclipse.coverage_6.0.0.000016/lib/hsqldb.jar" /><diagnostic type="string" string="plugins/com.agitar.eclipse.coverage_6.0.0.000016/lib/ils10.jar" /><diagnostic type="string" string="plugins/com.agitar.eclipse.coverage_6.0.0.000016/lib/ilsadmin10.jar" /><diagnostic type="string" string="plugins/com.agitar.eclipse.coverage_6.0.0.000016/lib/ilsclient10.jar" /><diagnostic type="string" string="plugins/com.agitar.eclipse.coverage_6.0.0.000016/lib/ilscrypt10.jar" /><diagnostic type="string" string="plugins/com.agitar.eclipse.coverage_6.0.0.000016/lib/ilsdb10.jar" /><diagnostic type="string" string="plugins/com.agitar.eclipse.coverage_6.0.0.000016/lib/jvmdetector.jar" /><diagnostic type="string" string="plugins/com.agitar.eclipse.coverage_6.0.0.000016/lib/wdortl20.jar" /><diagnostic type="string" string="plugins/com.agitar.eclipse.coverage_6.0.0.000016/lib/xpp3-1.1.4c.jar" /><diagnostic type="string" string="plugins/com.agitar.eclipse.api_6.0.0.000016/com.agitar.eclipse.api.jar" /><diagnostic type="string" string="plugins/com.agitar.eclipse.api_6.0.0.000016/com.agitar.mockingbird.jar" /><diagnostic type="string" string="plugins/com.agitar.eclipse.api_6.0.0.000016/com.agitar.testrunner.jar" /><diagnostic type="string" string="plugins/com.agitar.eclipse.api_6.0.0.000016/lib/ant-junit.jar" /><diagnostic type="string" string="plugins/com.agitar.eclipse.api_6.0.0.000016/lib/ant-launcher.jar" /><diagnostic type="string" string="plugins/com.agitar.eclipse.api_6.0.0.000016/lib/ant.jar" /><diagnostic type="string" string="plugins/com.agitar.eclipse.api_6.0.0.000016/lib/junit.jar" /><diagnostic type="string" string="plugins/com.agitar.eclipse.api_6.0.0.000016/lib/xalan.jar" /><diagnostic type="string" string="../../../platforms/linux/x86_64/eclipse/plugins/org.junit_4.10.0.v4_10_0_v20120426-0900/junit.jar" /></diagnostic><diagnostic type="number" number="6.0" string="6" key="thread.count.final" /><diagnostic type="string" string="233" key="timing.Loading" /><diagnostic type="number" number="136.0" string="136" key="memory.used.final" /><diagnostic type="fraction" numerator="24" denominator="24" number="1.0" string="24/24 (100%)" key="class.creation" class="Fields" package="com.aexp.cicdmainframe.hpuftintegration.bvssuite" /><diagnostic type="string" string="Oracle Corporation" key="java.vendor" /><diagnostic type="number" number="30.0" string="30" key="class.proximity" class="char[]" package="" /><diagnostic type="list" key="classpath.expert"><diagnostic type="string" string="plugins/com.agitar.experts.struts_6.0.0.000016/com.agitar.experts.struts.jar" /><diagnostic type="string" string="plugins/com.agitar.experts.hibernate_6.0.0.000016/com.agitar.experts.hibernate.jar" /><diagnostic type="string" string="plugins/com.agitar.experts.spring_6.0.0.000016/com.agitar.experts.spring.jar" /><diagnostic type="string" string="plugins/com.agitar.experts.j2ee_6.0.0.000016/com.agitar.experts.j2ee.jar" /><diagnostic type="string" string="plugins/com.agitar.experts.jsf_6.0.0.000016/com.agitar.experts.jsf.jar" /></diagnostic><diagnostic type="string" string="2161" key="timing.Exception" /><diagnostic type="number" number="100.0" string="100" key="class.proximity" class="HPUFTIntegrationUtil" package="com.aexp.cicdmainframe.hpuftintegration" /></diagnostics></report>