<report date="Fri Feb 17 20:40:06 PST 2017"><problems><problem id="3583" severity="19" message="problem.low.coverage" class="com.aexp.cicdmainframe.hpuftintegration.HPUFTIntegrationUtil">There were lines and conditions in HPUFTIntegrationUtil that AgitarOne could not exercise. 2.7% of the class could not be covered.<diagnostic type="number" number="0.0273972602739726" string="0.03" /></problem></problems><solutions><solution rating="3" problemid="3583" message="solution.datahelper.state" class="com.aexp.cicdmainframe.hpuftintegration.HPUFTIntegrationUtil">Write a test data helper that creates parameters that HPUFTIntegrationUtil needs. Create the parameters in the states needed to reach the uncovered sections.</solution><solution rating="1" problemid="3583" message="solution.check.reachability" class="com.aexp.cicdmainframe.hpuftintegration.HPUFTIntegrationUtil">Before spending too much time creating new inputs, you may want to check the remaining lines and conditions to make sure it is actually possible to reach them.</solution></solutions><diagnostics><diagnostic type="fraction" numerator="2" denominator="2" number="1.0" string="2/2 (100%)" key="mockingbird.ratio" class="KeyStoreException" package="java.security" /><diagnostic type="list" key="classpath.library"><diagnostic type="string" string="lib/log4j-1.2.16.jar" /><diagnostic type="string" string="lib/jersey-client-2.25.jar" /><diagnostic type="string" string="lib/jersey-common-2.25.jar" /><diagnostic type="string" string="lib/junit-4.11.jar" /><diagnostic type="string" string="lib/jersey-bundle-1.19.1.jar" /><diagnostic type="string" string="397b70e312007dc1a804702498bb25a5/jersey-client-1.19.3.jar" /><diagnostic type="string" string="9d72a569b9ccb71e95c1e889cd08a1f2/com.agitar.mockingbird.jar" /><diagnostic type="string" string="2686f545a2ce8141a152d83a264ecdb2/org.agitar.mock5.jar" /></diagnostic><diagnostic type="fraction" numerator="71" denominator="73" number="0.9726027397260274" string="71/73 (97.26%)" key="coverage.final" class="HPUFTIntegrationUtil" package="com.aexp.cicdmainframe.hpuftintegration" /><diagnostic type="list" key="test.failing" fullmethod="getSSLContext()" method="getSSLContext()" class="HPUFTIntegrationUtil" package="com.aexp.cicdmainframe.hpuftintegration"><diagnostic type="test" string="Normal: did not expect exception java.lang.NullPointerException" mocklevel="0" reason="did not expect exception java.lang.NullPointerException" operation="#946304689 java.lang.ClassLoader.getResource(String) Params: [ref[AgClassLoader@45984427/notnull], ref[NULL]] Ret: ref[#69]" coverage="11111111100000000000000000000000000000000000000000000000111 [59]" outcome="Normal"><source>HPUFTIntegrationUtil hPUFTIntegrationUtil = new HPUFTIntegrationUtil();
// filtered callback (unnecessary): 1 getProperty(String) ref[java.lang.Class:class java.lang.System][ref[java.lang.String:"keystore_file"]] = ref[NULL] throws ref[NULL] (x1)
// filtered callback (unnecessary): 1 getProperty(String) ref[java.lang.Class:class java.lang.System][ref[java.lang.String:"keystore_password"]] = ref[NULL] throws ref[NULL] (x1)
Mockingbird.enterRecordingMode();
NullPointerException nullPointerException = (NullPointerException) Mockingbird.getProxyObject(NullPointerException.class);
Object resource = callPrivateMethod("java.lang.ClassLoader", "getResource", new Class[] {String.class}, Mockingbird.getProxyObject(ClassLoader.class), new Object[] {null});
Mockingbird.setException(true, resource, nullPointerException);
Mockingbird.setReturnValue(false, nullPointerException, "printStackTrace", "()void", new Object[] {}, null, 1);
Mockingbird.enterTestMode(HPUFTIntegrationUtil.class);
hPUFTIntegrationUtil.getSSLContext();
</source><diagnostic type="error" exception-class="com.agitar.tbe.recorder.a" exception-message="did not expect exception java.lang.NullPointerException" string="a: &quot;did not expect exception java.lang.NullPointerException&quot; at kb.a() line 284 at r.a() line 379, caused by NullPointerException"><trace class="com.agitar.tbe.recorder.operations.kb" method="a" line="284" /><trace class="com.agitar.tbe.recorder.operations.r" method="a" line="379" /><trace class="com.agitar.tbe.recorder.operations.r" method="a" line="325" /><trace class="com.agitar.tbe.recorder.operations.r" method="a" line="197" /><trace class="com.agitar.tbe.recorder.operations.f" method="a" line="97" /><trace class="com.agitar.tbe.recorder.gc" method="a" line="252" /><trace class="com.agitar.tbe.recorder.gc" method="f" line="160" /><trace class="com.agitar.tbe.d" method="a" line="50" /><trace class="com.agitar.tbe.j" method="run" line="227" /><diagnostic type="error" exception-class="java.lang.NullPointerException" string="NullPointerException" /></diagnostic></diagnostic><diagnostic type="test" string="Normal: did not expect exception java.lang.NullPointerException" mocklevel="3" reason="did not expect exception java.lang.NullPointerException" operation="#310130538 java.lang.ClassLoader.getResource(String) Params: [ref[AgClassLoader@45984427/notnull], ref[NULL]] Ret: ref[#6b]" coverage="11111111100000000000000000000000000000000000000000000000111 [59]" outcome="Normal"><source>HPUFTIntegrationUtil hPUFTIntegrationUtil = new HPUFTIntegrationUtil();
// filtered callback (unnecessary): 1 getProperty(String) ref[java.lang.Class:class java.lang.System][ref[java.lang.String:"keystore_file"]] = ref[NULL] throws ref[NULL] (x1)
// filtered callback (unnecessary): 1 getProperty(String) ref[java.lang.Class:class java.lang.System][ref[java.lang.String:"keystore_password"]] = ref[NULL] throws ref[NULL] (x1)
Mockingbird.enterRecordingMode();
NullPointerException nullPointerException = (NullPointerException) Mockingbird.getProxyObject(NullPointerException.class);
Object resource = callPrivateMethod("java.lang.ClassLoader", "getResource", new Class[] {String.class}, Mockingbird.getProxyObject(ClassLoader.class), new Object[] {null});
Mockingbird.setException(true, resource, nullPointerException);
Mockingbird.setReturnValue(false, nullPointerException, "printStackTrace", "()void", new Object[] {}, null, 1);
Mockingbird.enterTestMode(HPUFTIntegrationUtil.class);
hPUFTIntegrationUtil.getSSLContext();
</source><diagnostic type="error" exception-class="com.agitar.tbe.recorder.a" exception-message="did not expect exception java.lang.NullPointerException" string="a: &quot;did not expect exception java.lang.NullPointerException&quot; at kb.a() line 284 at r.a() line 379, caused by NullPointerException"><trace class="com.agitar.tbe.recorder.operations.kb" method="a" line="284" /><trace class="com.agitar.tbe.recorder.operations.r" method="a" line="379" /><trace class="com.agitar.tbe.recorder.operations.r" method="a" line="325" /><trace class="com.agitar.tbe.recorder.operations.r" method="a" line="197" /><trace class="com.agitar.tbe.recorder.operations.f" method="a" line="97" /><trace class="com.agitar.tbe.recorder.gc" method="a" line="252" /><trace class="com.agitar.tbe.recorder.gc" method="f" line="160" /><trace class="com.agitar.tbe.d" method="a" line="50" /><trace class="com.agitar.tbe.j" method="run" line="227" /><diagnostic type="error" exception-class="java.lang.NullPointerException" string="NullPointerException" /></diagnostic></diagnostic><diagnostic type="test" string="Normal: did not expect exception java.lang.NullPointerException" mocklevel="3" reason="did not expect exception java.lang.NullPointerException" operation="#946304689 java.lang.ClassLoader.getResource(String) Params: [ref[AgClassLoader@45984427/notnull], ref[NULL]] Ret: ref[#69]" coverage="11111111100000000000000000000000000000000000000000000000111 [59]" outcome="Normal"><source>HPUFTIntegrationUtil hPUFTIntegrationUtil = new HPUFTIntegrationUtil();
// filtered callback (unnecessary): 1 getProperty(String) ref[java.lang.Class:class java.lang.System][ref[java.lang.String:"keystore_file"]] = ref[NULL] throws ref[NULL] (x1)
// filtered callback (unnecessary): 1 getProperty(String) ref[java.lang.Class:class java.lang.System][ref[java.lang.String:"keystore_password"]] = ref[NULL] throws ref[NULL] (x1)
Mockingbird.enterRecordingMode();
NullPointerException nullPointerException = (NullPointerException) Mockingbird.getProxyObject(NullPointerException.class);
Object resource = callPrivateMethod("java.lang.ClassLoader", "getResource", new Class[] {String.class}, Mockingbird.getProxyObject(ClassLoader.class), new Object[] {null});
Mockingbird.setException(true, resource, nullPointerException);
Mockingbird.setReturnValue(false, nullPointerException, "printStackTrace", "()void", new Object[] {}, null, 1);
Mockingbird.enterTestMode(HPUFTIntegrationUtil.class);
hPUFTIntegrationUtil.getSSLContext();
</source><diagnostic type="error" exception-class="com.agitar.tbe.recorder.a" exception-message="did not expect exception java.lang.NullPointerException" string="a: &quot;did not expect exception java.lang.NullPointerException&quot; at kb.a() line 284 at r.a() line 379, caused by NullPointerException"><trace class="com.agitar.tbe.recorder.operations.kb" method="a" line="284" /><trace class="com.agitar.tbe.recorder.operations.r" method="a" line="379" /><trace class="com.agitar.tbe.recorder.operations.r" method="a" line="325" /><trace class="com.agitar.tbe.recorder.operations.r" method="a" line="197" /><trace class="com.agitar.tbe.recorder.operations.f" method="a" line="97" /><trace class="com.agitar.tbe.recorder.gc" method="a" line="252" /><trace class="com.agitar.tbe.recorder.gc" method="f" line="160" /><trace class="com.agitar.tbe.d" method="a" line="50" /><trace class="com.agitar.tbe.j" method="run" line="227" /><diagnostic type="error" exception-class="java.lang.NullPointerException" string="NullPointerException" /></diagnostic></diagnostic><diagnostic type="test" string="Normal: did not expect exception java.lang.NullPointerException" mocklevel="2" reason="did not expect exception java.lang.NullPointerException" operation="#102548975 java.lang.ClassLoader.getResource(String) Params: [ref[AgClassLoader@45984427/notnull], ref[NULL]] Ret: ref[#70]" coverage="11111111100000000000000000000000000000000000000000000000111 [59]" outcome="Normal"><source>HPUFTIntegrationUtil hPUFTIntegrationUtil = new HPUFTIntegrationUtil();
// filtered callback (unnecessary): 1 getProperty(String) ref[java.lang.Class:class java.lang.System][ref[java.lang.String:"keystore_file"]] = ref[NULL] throws ref[NULL] (x1)
// filtered callback (unnecessary): 1 getProperty(String) ref[java.lang.Class:class java.lang.System][ref[java.lang.String:"keystore_password"]] = ref[NULL] throws ref[NULL] (x1)
Mockingbird.enterRecordingMode();
NullPointerException nullPointerException = (NullPointerException) Mockingbird.getProxyObject(NullPointerException.class);
Object resource = callPrivateMethod("java.lang.ClassLoader", "getResource", new Class[] {String.class}, Mockingbird.getProxyObject(ClassLoader.class), new Object[] {null});
Mockingbird.setException(true, resource, nullPointerException);
Mockingbird.setReturnValue(false, nullPointerException, "printStackTrace", "()void", new Object[] {}, null, 1);
Mockingbird.enterTestMode(HPUFTIntegrationUtil.class);
hPUFTIntegrationUtil.getSSLContext();
</source><diagnostic type="error" exception-class="com.agitar.tbe.recorder.a" exception-message="did not expect exception java.lang.NullPointerException" string="a: &quot;did not expect exception java.lang.NullPointerException&quot; at kb.a() line 284 at r.a() line 379, caused by NullPointerException"><trace class="com.agitar.tbe.recorder.operations.kb" method="a" line="284" /><trace class="com.agitar.tbe.recorder.operations.r" method="a" line="379" /><trace class="com.agitar.tbe.recorder.operations.r" method="a" line="325" /><trace class="com.agitar.tbe.recorder.operations.r" method="a" line="197" /><trace class="com.agitar.tbe.recorder.operations.f" method="a" line="97" /><trace class="com.agitar.tbe.recorder.gc" method="a" line="252" /><trace class="com.agitar.tbe.recorder.gc" method="f" line="160" /><trace class="com.agitar.tbe.d" method="a" line="50" /><trace class="com.agitar.tbe.j" method="run" line="227" /><diagnostic type="error" exception-class="java.lang.NullPointerException" string="NullPointerException" /></diagnostic></diagnostic><diagnostic type="test" string="Normal: did not expect exception java.lang.NullPointerException" mocklevel="3" reason="did not expect exception java.lang.NullPointerException" operation="#878326218 java.lang.ClassLoader.getResource(String) Params: [ref[AgClassLoader@45984427/notnull], ref[NULL]] Ret: ref[#72]" coverage="11111111100000000000000000000000000000000000000000000000111 [59]" outcome="Normal"><source>HPUFTIntegrationUtil hPUFTIntegrationUtil = new HPUFTIntegrationUtil();
// filtered callback (unnecessary): 1 getProperty(String) ref[java.lang.Class:class java.lang.System][ref[java.lang.String:"keystore_file"]] = ref[NULL] throws ref[NULL] (x1)
// filtered callback (unnecessary): 1 getProperty(String) ref[java.lang.Class:class java.lang.System][ref[java.lang.String:"keystore_password"]] = ref[NULL] throws ref[NULL] (x1)
Mockingbird.enterRecordingMode();
NullPointerException nullPointerException = (NullPointerException) Mockingbird.getProxyObject(NullPointerException.class);
ClassLoader classLoader = (ClassLoader) Mockingbird.getProxyObject(ClassLoader.class);
Object resource = callPrivateMethod("java.lang.ClassLoader", "getResource", new Class[] {String.class}, classLoader, new Object[] {null});
Mockingbird.setException(true, resource, nullPointerException);
Mockingbird.setReturnValue(false, nullPointerException, "printStackTrace", "()void", new Object[] {}, null, 1);
Mockingbird.enterTestMode(HPUFTIntegrationUtil.class);
hPUFTIntegrationUtil.getSSLContext();
// filtered callback (unnecessary): 1 getProperty(String) ref[java.lang.Class:class java.lang.System][ref[java.lang.String:"keystore_file"]] = ref[NULL] throws ref[NULL] (x1)
// filtered callback (unnecessary): 1 getProperty(String) ref[java.lang.Class:class java.lang.System][ref[java.lang.String:"keystore_password"]] = ref[NULL] throws ref[NULL] (x1)
Mockingbird.enterRecordingMode();
NullPointerException nullPointerException2 = (NullPointerException) Mockingbird.getProxyObject(NullPointerException.class);
Object resource2 = callPrivateMethod("java.lang.ClassLoader", "getResource", new Class[] {String.class}, classLoader, new Object[] {null});
Mockingbird.setException(true, resource2, nullPointerException2);
Mockingbird.setReturnValue(false, nullPointerException2, "printStackTrace", "()void", new Object[] {}, null, 1);
Mockingbird.enterTestMode(HPUFTIntegrationUtil.class);
hPUFTIntegrationUtil.getSSLContext();
</source><diagnostic type="error" exception-class="com.agitar.tbe.recorder.a" exception-message="did not expect exception java.lang.NullPointerException" string="a: &quot;did not expect exception java.lang.NullPointerException&quot; at kb.a() line 284 at r.a() line 379, caused by NullPointerException"><trace class="com.agitar.tbe.recorder.operations.kb" method="a" line="284" /><trace class="com.agitar.tbe.recorder.operations.r" method="a" line="379" /><trace class="com.agitar.tbe.recorder.operations.r" method="a" line="325" /><trace class="com.agitar.tbe.recorder.operations.r" method="a" line="197" /><trace class="com.agitar.tbe.recorder.operations.f" method="a" line="97" /><trace class="com.agitar.tbe.recorder.gc" method="f" line="162" /><trace class="com.agitar.tbe.d" method="a" line="50" /><trace class="com.agitar.tbe.j" method="run" line="227" /><diagnostic type="error" exception-class="java.lang.NullPointerException" string="NullPointerException" /></diagnostic></diagnostic><diagnostic type="test" string="Normal: did not expect exception java.lang.NullPointerException" mocklevel="3" reason="did not expect exception java.lang.NullPointerException" operation="#102548975 java.lang.ClassLoader.getResource(String) Params: [ref[AgClassLoader@45984427/notnull], ref[NULL]] Ret: ref[#70]" coverage="11111111100000000000000000000000000000000000000000000000111 [59]" outcome="Normal"><source>HPUFTIntegrationUtil hPUFTIntegrationUtil = new HPUFTIntegrationUtil();
// filtered callback (unnecessary): 1 getProperty(String) ref[java.lang.Class:class java.lang.System][ref[java.lang.String:"keystore_file"]] = ref[NULL] throws ref[NULL] (x1)
// filtered callback (unnecessary): 1 getProperty(String) ref[java.lang.Class:class java.lang.System][ref[java.lang.String:"keystore_password"]] = ref[NULL] throws ref[NULL] (x1)
Mockingbird.enterRecordingMode();
NullPointerException nullPointerException = (NullPointerException) Mockingbird.getProxyObject(NullPointerException.class);
ClassLoader classLoader = (ClassLoader) Mockingbird.getProxyObject(ClassLoader.class);
Object resource = callPrivateMethod("java.lang.ClassLoader", "getResource", new Class[] {String.class}, classLoader, new Object[] {null});
Mockingbird.setException(true, resource, nullPointerException);
Mockingbird.setReturnValue(false, nullPointerException, "printStackTrace", "()void", new Object[] {}, null, 1);
Mockingbird.enterTestMode(HPUFTIntegrationUtil.class);
hPUFTIntegrationUtil.getSSLContext();
// filtered callback (unnecessary): 1 getProperty(String) ref[java.lang.Class:class java.lang.System][ref[java.lang.String:"keystore_file"]] = ref[NULL] throws ref[NULL] (x1)
// filtered callback (unnecessary): 1 getProperty(String) ref[java.lang.Class:class java.lang.System][ref[java.lang.String:"keystore_password"]] = ref[NULL] throws ref[NULL] (x1)
Mockingbird.enterRecordingMode();
NullPointerException nullPointerException2 = (NullPointerException) Mockingbird.getProxyObject(NullPointerException.class);
Object resource2 = callPrivateMethod("java.lang.ClassLoader", "getResource", new Class[] {String.class}, classLoader, new Object[] {null});
Mockingbird.setException(true, resource2, nullPointerException2);
Mockingbird.setReturnValue(false, nullPointerException2, "printStackTrace", "()void", new Object[] {}, null, 1);
Mockingbird.enterTestMode(HPUFTIntegrationUtil.class);
hPUFTIntegrationUtil.getSSLContext();
</source><diagnostic type="error" exception-class="com.agitar.tbe.recorder.a" exception-message="did not expect exception java.lang.NullPointerException" string="a: &quot;did not expect exception java.lang.NullPointerException&quot; at kb.a() line 284 at r.a() line 379, caused by NullPointerException"><trace class="com.agitar.tbe.recorder.operations.kb" method="a" line="284" /><trace class="com.agitar.tbe.recorder.operations.r" method="a" line="379" /><trace class="com.agitar.tbe.recorder.operations.r" method="a" line="325" /><trace class="com.agitar.tbe.recorder.operations.r" method="a" line="197" /><trace class="com.agitar.tbe.recorder.operations.f" method="a" line="97" /><trace class="com.agitar.tbe.recorder.gc" method="a" line="252" /><trace class="com.agitar.tbe.recorder.gc" method="f" line="160" /><trace class="com.agitar.tbe.d" method="a" line="50" /><trace class="com.agitar.tbe.j" method="run" line="227" /><diagnostic type="error" exception-class="java.lang.NullPointerException" string="NullPointerException" /></diagnostic></diagnostic><diagnostic type="test" string="Normal: did not expect exception java.lang.NullPointerException" mocklevel="0" reason="did not expect exception java.lang.NullPointerException" operation="#1477190004 java.lang.ClassLoader.getResource(String) Params: [ref[AgClassLoader@45984427/notnull], ref[NULL]] Ret: ref[#79]" coverage="11111111100000000000000000000000000000000000000000000000111 [59]" outcome="Normal"><source>// filtered callback (target type): 1 &lt;init>() ref[HPUFTIntegrationUtil@49fbea5e/notnull][] = ref[HPUFTIntegrationUtil@49fbea5e/notnull] throws ref[NULL] (x1)
HPUFTIntegrationUtil instance = HPUFTIntegrationUtil.getInstance();
HPUFTIntegrationUtil.getInstance();
HPUFTIntegrationUtil.getInstance();
HPUFTIntegrationUtil.getInstance();
// filtered callback (unnecessary): 1 getProperty(String) ref[java.lang.Class:class java.lang.System][ref[java.lang.String:"keystore_file"]] = ref[NULL] throws ref[NULL] (x1)
// filtered callback (unnecessary): 1 getProperty(String) ref[java.lang.Class:class java.lang.System][ref[java.lang.String:"keystore_password"]] = ref[NULL] throws ref[NULL] (x1)
Mockingbird.enterRecordingMode();
NullPointerException nullPointerException = (NullPointerException) Mockingbird.getProxyObject(NullPointerException.class);
Object resource = callPrivateMethod("java.lang.ClassLoader", "getResource", new Class[] {String.class}, Mockingbird.getProxyObject(ClassLoader.class), new Object[] {null});
Mockingbird.setException(true, resource, nullPointerException);
Mockingbird.setReturnValue(false, nullPointerException, "printStackTrace", "()void", new Object[] {}, null, 1);
Mockingbird.enterTestMode(HPUFTIntegrationUtil.class);
instance.getSSLContext();
</source><diagnostic type="error" exception-class="com.agitar.tbe.recorder.a" exception-message="did not expect exception java.lang.NullPointerException" string="a: &quot;did not expect exception java.lang.NullPointerException&quot; at kb.a() line 284 at r.a() line 379, caused by NullPointerException"><trace class="com.agitar.tbe.recorder.operations.kb" method="a" line="284" /><trace class="com.agitar.tbe.recorder.operations.r" method="a" line="379" /><trace class="com.agitar.tbe.recorder.operations.r" method="a" line="325" /><trace class="com.agitar.tbe.recorder.operations.r" method="a" line="197" /><trace class="com.agitar.tbe.recorder.operations.f" method="a" line="97" /><trace class="com.agitar.tbe.recorder.gc" method="a" line="252" /><trace class="com.agitar.tbe.recorder.gc" method="f" line="160" /><trace class="com.agitar.tbe.d" method="a" line="50" /><trace class="com.agitar.tbe.j" method="run" line="227" /><diagnostic type="error" exception-class="java.lang.NullPointerException" string="NullPointerException" /></diagnostic></diagnostic><diagnostic type="test" string="Normal: for ref[HPUFTIntegrationUtil@49fbea5e/notnull] expected &quot;com.aexp.cicdmainframe.hpuftintegration.HPUFTIntegrationUtil@6832f62c&quot; but got &quot;com.aexp.cicdmainframe.hpuftintegration.HPUFTIntegrationUtil@49fbea5e&quot;" mocklevel="3" reason="for ref[HPUFTIntegrationUtil@49fbea5e/notnull] expected &quot;com.aexp.cicdmainframe.hpuftintegration.HPUFTIntegrationUtil@6832f62c&quot; but got &quot;com.aexp.cicdmainframe.hpuftintegration.HPUFTIntegrationUtil@49fbea5e&quot;" operation="#818736315 com.aexp.cicdmainframe.hpuftintegration.HPUFTIntegrationUtil.getInstance() Params: [] Ret: ref[HPUFTIntegrationUtil@49fbea5e/notnull]" coverage="11111111100000000000000000000000000000000000000000000000111 [59]" outcome="Normal"><source>// filtered callback (target type): 1 &lt;init>() ref[HPUFTIntegrationUtil@49fbea5e/notnull][] = ref[HPUFTIntegrationUtil@49fbea5e/notnull] throws ref[NULL] (x1)
HPUFTIntegrationUtil instance = HPUFTIntegrationUtil.getInstance();
// filtered callback (unnecessary): 1 getProperty(String) ref[java.lang.Class:class java.lang.System][ref[java.lang.String:"keystore_file"]] = ref[NULL] throws ref[NULL] (x1)
// filtered callback (unnecessary): 1 getProperty(String) ref[java.lang.Class:class java.lang.System][ref[java.lang.String:"keystore_password"]] = ref[NULL] throws ref[NULL] (x1)
Mockingbird.enterRecordingMode();
NullPointerException nullPointerException = (NullPointerException) Mockingbird.getProxyObject(NullPointerException.class);
Object resource = callPrivateMethod("java.lang.ClassLoader", "getResource", new Class[] {String.class}, Mockingbird.getProxyObject(ClassLoader.class), new Object[] {null});
Mockingbird.setException(true, resource, nullPointerException);
Mockingbird.setReturnValue(false, nullPointerException, "printStackTrace", "()void", new Object[] {}, null, 1);
Mockingbird.enterTestMode(HPUFTIntegrationUtil.class);
instance.getSSLContext();
</source><diagnostic type="error" exception-class="com.agitar.tbe.recorder.a" exception-message="for ref[HPUFTIntegrationUtil@49fbea5e/notnull] expected &quot;com.aexp.cicdmainframe.hpuftintegration.HPUFTIntegrationUtil@6832f62c&quot; but got &quot;com.aexp.cicdmainframe.hpuftintegration.HPUFTIntegrationUtil@49fbea5e&quot;" string="a: &quot;for ref[HPUFTIntegrationUtil@49fbea5e/notnull] expected &quot;com.aexp.cicdmainframe.hpuftintegration.HPUFTIntegrationUtil@6832f62c&quot; but got &quot;com.aexp.cicdmainframe.hpuftintegration.HPUFTIntegrationUtil@49fbea5e&quot;&quot; at w.a() line 78 at kb.a() line 279"><trace class="com.agitar.tbe.recorder.w" method="a" line="78" /><trace class="com.agitar.tbe.recorder.operations.kb" method="a" line="279" /><trace class="com.agitar.tbe.recorder.operations.r" method="a" line="205" /><trace class="com.agitar.tbe.recorder.operations.f" method="a" line="97" /><trace class="com.agitar.tbe.recorder.gc" method="f" line="162" /><trace class="com.agitar.tbe.d" method="a" line="50" /><trace class="com.agitar.tbe.j" method="run" line="227" /></diagnostic></diagnostic><diagnostic type="test" string="Normal: did not expect exception java.lang.NullPointerException" mocklevel="3" reason="did not expect exception java.lang.NullPointerException" operation="#1477190004 java.lang.ClassLoader.getResource(String) Params: [ref[AgClassLoader@45984427/notnull], ref[NULL]] Ret: ref[#79]" coverage="11111111100000000000000000000000000000000000000000000000111 [59]" outcome="Normal"><source>// filtered callback (target type): 1 &lt;init>() ref[HPUFTIntegrationUtil@49fbea5e/notnull][] = ref[HPUFTIntegrationUtil@49fbea5e/notnull] throws ref[NULL] (x1)
HPUFTIntegrationUtil instance = HPUFTIntegrationUtil.getInstance();
// filtered callback (unnecessary): 1 getProperty(String) ref[java.lang.Class:class java.lang.System][ref[java.lang.String:"keystore_file"]] = ref[NULL] throws ref[NULL] (x1)
// filtered callback (unnecessary): 1 getProperty(String) ref[java.lang.Class:class java.lang.System][ref[java.lang.String:"keystore_password"]] = ref[NULL] throws ref[NULL] (x1)
Mockingbird.enterRecordingMode();
NullPointerException nullPointerException = (NullPointerException) Mockingbird.getProxyObject(NullPointerException.class);
Object resource = callPrivateMethod("java.lang.ClassLoader", "getResource", new Class[] {String.class}, Mockingbird.getProxyObject(ClassLoader.class), new Object[] {null});
Mockingbird.setException(true, resource, nullPointerException);
Mockingbird.setReturnValue(false, nullPointerException, "printStackTrace", "()void", new Object[] {}, null, 1);
Mockingbird.enterTestMode(HPUFTIntegrationUtil.class);
instance.getSSLContext();
</source><diagnostic type="error" exception-class="com.agitar.tbe.recorder.a" exception-message="did not expect exception java.lang.NullPointerException" string="a: &quot;did not expect exception java.lang.NullPointerException&quot; at kb.a() line 284 at r.a() line 379, caused by NullPointerException"><trace class="com.agitar.tbe.recorder.operations.kb" method="a" line="284" /><trace class="com.agitar.tbe.recorder.operations.r" method="a" line="379" /><trace class="com.agitar.tbe.recorder.operations.r" method="a" line="325" /><trace class="com.agitar.tbe.recorder.operations.r" method="a" line="197" /><trace class="com.agitar.tbe.recorder.operations.f" method="a" line="97" /><trace class="com.agitar.tbe.recorder.gc" method="a" line="252" /><trace class="com.agitar.tbe.recorder.gc" method="f" line="160" /><trace class="com.agitar.tbe.d" method="a" line="50" /><trace class="com.agitar.tbe.j" method="run" line="227" /><diagnostic type="error" exception-class="java.lang.NullPointerException" string="NullPointerException" /></diagnostic></diagnostic></diagnostic><diagnostic type="string" string="1615" key="timing.Analysis" /><diagnostic type="string" string="278" key="timing.Boundary" /><diagnostic type="number" number="65.0" string="65" key="class.proximity" class="KeyManagerFactory" package="javax.net.ssl" /><diagnostic type="fraction" numerator="51" denominator="53" number="0.9622641509433962" string="51/53 (96.23%)" key="coverage.final" fullmethod="getSSLContext()" method="getSSLContext()" class="HPUFTIntegrationUtil" package="com.aexp.cicdmainframe.hpuftintegration" /><diagnostic type="number" number="65.0" string="65" key="class.proximity" class="SSLContext" package="javax.net.ssl" /><diagnostic type="number" number="30.0" string="30" key="class.proximity" class="KeyManagerFactory$1" package="javax.net.ssl" /><diagnostic type="number" number="1.0" string="1" key="complexity" fullmethod="&lt;init>()" method="&lt;init>()" class="HPUFTIntegrationUtil" package="com.aexp.cicdmainframe.hpuftintegration" /><diagnostic type="number" number="65.0" string="65" key="class.proximity" class="Field" package="com.aexp.cicdmainframe.hpuftintegration.bvssuite" /><diagnostic type="fraction" numerator="0" denominator="11" number="0.0" string="0/11 (0%)" key="mockingbird.ratio" class="char[]" package="" /><diagnostic type="number" number="1.0" string="1" key="complexity" fullmethod="createRequestEntity()" method="createRequestEntity()" class="HPUFTIntegrationUtil" package="com.aexp.cicdmainframe.hpuftintegration" /><diagnostic type="list" key="java.vmargs"><diagnostic type="string" string="-Xmx1024m" /><diagnostic type="string" string="-Duser.language=en" /><diagnostic type="string" string="-Djava.awt.headless=true" /><diagnostic type="string" string="-Duser.country=US" /><diagnostic type="string" string="-Dagitar.test.gen.source.folder=test" /><diagnostic type="string" string="-Djava5.home=/opt/agitar/agitarOne/platforms/linux/x86_64/java/Sun/1.5" /><diagnostic type="string" string="-Dagitar.time.scaling.factor=1" /><diagnostic type="string" string="-Dagitar.job.md5=dcbf3a906a0272683156ece8d540d51b" /></diagnostic><diagnostic type="string" string="Mock level: 1" key="test.created" fullmethod="testGetSSLContext7()" method="testGetSSLContext7()" class="HPUFTIntegrationUtilAgitarTest" package="com.aexp.cicdmainframe.hpuftintegration" /><diagnostic type="string" string="Mock level: 1" key="test.created" fullmethod="testGetSSLContext8()" method="testGetSSLContext8()" class="HPUFTIntegrationUtilAgitarTest" package="com.aexp.cicdmainframe.hpuftintegration" /><diagnostic type="string" string="Mock level: 1" key="test.created" fullmethod="testGetSSLContext11()" method="testGetSSLContext11()" class="HPUFTIntegrationUtilAgitarTest" package="com.aexp.cicdmainframe.hpuftintegration" /><diagnostic type="fraction" numerator="0" denominator="73" number="0.0" string="0/73 (0%)" key="coverage.aggressive" class="HPUFTIntegrationUtil" package="com.aexp.cicdmainframe.hpuftintegration" /><diagnostic type="string" string="Agitar internal" key="helpers.unused.internal.classes" class="SetupHelper" package="com.agitar.lib" /><diagnostic type="string" string="Mock level: 1" key="test.created" fullmethod="testGetSSLContext6()" method="testGetSSLContext6()" class="HPUFTIntegrationUtilAgitarTest" package="com.aexp.cicdmainframe.hpuftintegration" /><diagnostic type="string" string="0" key="timing.Cov%" /><diagnostic type="string" string="Mock level: 1" key="test.created" fullmethod="testGetSSLContext2()" method="testGetSSLContext2()" class="HPUFTIntegrationUtilAgitarTest" package="com.aexp.cicdmainframe.hpuftintegration" /><diagnostic type="list" key="classpath.extension"><diagnostic type="string" string="plugins/com.agitar.eclipse.api_6.0.0.000016/lib/ext/org.agitar.mock5.jar" /><diagnostic type="string" string="plugins/com.agitar.agitator_6.0.0.000016/lib/ext/com.agitar.enterprise5.jar" /></diagnostic><diagnostic type="fraction" numerator="4" denominator="4" number="1.0" string="4/4 (100%)" key="coverage.final" fullmethod="getInstance()" method="getInstance()" class="HPUFTIntegrationUtil" package="com.aexp.cicdmainframe.hpuftintegration" /><diagnostic type="string" string="Mock level: 0" key="test.created" fullmethod="testCreateRequestEntity()" method="testCreateRequestEntity()" class="HPUFTIntegrationUtilAgitarTest" package="com.aexp.cicdmainframe.hpuftintegration" /><diagnostic type="fraction" numerator="0" denominator="1" number="0.0" string="0/1 (0%)" key="mockingbird.ratio" class="Entity" package="com.aexp.cicdmainframe.hpuftintegration.bvssuite" /><diagnostic type="string" string=" +30F1" key="coverage.final.delta" class="HPUFTIntegrationUtil" package="com.aexp.cicdmainframe.hpuftintegration" /><diagnostic type="number" number="30.0" string="30" key="class.proximity" class="GetInstance$Instance" package="sun.security.jca" /><diagnostic type="string" string="agitar/config" key="config.path" /><diagnostic type="fraction" numerator="328" denominator="328" number="1.0" string="328/328 (100%)" key="class.creation" class="HPUFTIntegrationUtil" package="com.aexp.cicdmainframe.hpuftintegration" /><diagnostic type="string" string="Mock level: 1" key="test.created" fullmethod="testGetSSLContext9()" method="testGetSSLContext9()" class="HPUFTIntegrationUtilAgitarTest" package="com.aexp.cicdmainframe.hpuftintegration" /><diagnostic type="number" number="8.0" string="8" key="thread.count.initial" /><diagnostic type="string" string="Mock level: 0" key="test.created" fullmethod="testGetInstance()" method="testGetInstance()" class="HPUFTIntegrationUtilAgitarTest" package="com.aexp.cicdmainframe.hpuftintegration" /><diagnostic type="list" key="test.failing" fullmethod="getInstance()" method="getInstance()" class="HPUFTIntegrationUtil" package="com.aexp.cicdmainframe.hpuftintegration"><diagnostic type="test" string="Normal: coverage changed: +30F1 -30T1 -31" mocklevel="0" reason="coverage changed: +30F1 -30T1 -31" coverage="10111 [5]" outcome="Normal"><source>// filtered callback (target type): 1 &lt;init>() ref[HPUFTIntegrationUtil@49fbea5e/notnull][] = ref[HPUFTIntegrationUtil@49fbea5e/notnull] throws ref[NULL] (x1)
HPUFTIntegrationUtil.getInstance();
</source><diagnostic type="error" log-message="Mocking Failing Operations failed" string="Mocking Failing Operations failed" /></diagnostic><diagnostic type="test" string="Normal: for ref[HPUFTIntegrationUtil@49fbea5e/notnull] expected &quot;com.aexp.cicdmainframe.hpuftintegration.HPUFTIntegrationUtil@25f5445b&quot; but got &quot;com.aexp.cicdmainframe.hpuftintegration.HPUFTIntegrationUtil@49fbea5e&quot;" mocklevel="3" reason="for ref[HPUFTIntegrationUtil@49fbea5e/notnull] expected &quot;com.aexp.cicdmainframe.hpuftintegration.HPUFTIntegrationUtil@25f5445b&quot; but got &quot;com.aexp.cicdmainframe.hpuftintegration.HPUFTIntegrationUtil@49fbea5e&quot;" operation="#1725752284 com.aexp.cicdmainframe.hpuftintegration.HPUFTIntegrationUtil.getInstance() Params: [] Ret: ref[HPUFTIntegrationUtil@49fbea5e/notnull]" coverage="10111 [5]" outcome="Normal"><source>// filtered callback (target type): 1 &lt;init>() ref[HPUFTIntegrationUtil@49fbea5e/notnull][] = ref[HPUFTIntegrationUtil@49fbea5e/notnull] throws ref[NULL] (x1)
HPUFTIntegrationUtil.getInstance();
</source><diagnostic type="error" exception-class="com.agitar.tbe.recorder.a" exception-message="for ref[HPUFTIntegrationUtil@49fbea5e/notnull] expected &quot;com.aexp.cicdmainframe.hpuftintegration.HPUFTIntegrationUtil@25f5445b&quot; but got &quot;com.aexp.cicdmainframe.hpuftintegration.HPUFTIntegrationUtil@49fbea5e&quot;" string="a: &quot;for ref[HPUFTIntegrationUtil@49fbea5e/notnull] expected &quot;com.aexp.cicdmainframe.hpuftintegration.HPUFTIntegrationUtil@25f5445b&quot; but got &quot;com.aexp.cicdmainframe.hpuftintegration.HPUFTIntegrationUtil@49fbea5e&quot;&quot; at w.a() line 78 at kb.a() line 279"><trace class="com.agitar.tbe.recorder.w" method="a" line="78" /><trace class="com.agitar.tbe.recorder.operations.kb" method="a" line="279" /><trace class="com.agitar.tbe.recorder.operations.r" method="a" line="205" /><trace class="com.agitar.tbe.recorder.operations.f" method="a" line="97" /><trace class="com.agitar.tbe.recorder.gc" method="a" line="252" /><trace class="com.agitar.tbe.recorder.gc" method="f" line="160" /><trace class="com.agitar.tbe.d" method="a" line="50" /><trace class="com.agitar.tbe.j" method="run" line="227" /></diagnostic></diagnostic><diagnostic type="test" string="Normal: coverage changed: +30F1 -30T1 -31" mocklevel="3" reason="coverage changed: +30F1 -30T1 -31" coverage="10111 [5]" outcome="Normal"><source>// filtered callback (target type): 1 &lt;init>() ref[HPUFTIntegrationUtil@49fbea5e/notnull][] = ref[HPUFTIntegrationUtil@49fbea5e/notnull] throws ref[NULL] (x1)
HPUFTIntegrationUtil.getInstance();
</source><diagnostic type="error" log-message="Failed prefiltering" string="Failed prefiltering" /></diagnostic></diagnostic><diagnostic type="fraction" numerator="1" denominator="1" number="1.0" string="1/1 (100%)" key="mockingbird.ratio" class="Throwable" package="java.lang" /><diagnostic type="fraction" numerator="1" denominator="1" number="1.0" string="1/1 (100%)" key="mockingbird.ratio" class="SecureRandom" package="java.security" /><diagnostic type="fraction" numerator="4" denominator="4" number="1.0" string="4/4 (100%)" key="coverage.agitation" fullmethod="getInstance()" method="getInstance()" class="HPUFTIntegrationUtil" package="com.aexp.cicdmainframe.hpuftintegration" /><diagnostic type="number" number="65.0" string="65" key="class.proximity" class="Entity" package="com.aexp.cicdmainframe.hpuftintegration.bvssuite" /><diagnostic type="number" number="843.0" string="843" key="memory.available.final" /><diagnostic type="fraction" numerator="70" denominator="73" number="0.958904109589041" string="70/73 (95.89%)" key="coverage.testgen" class="HPUFTIntegrationUtil" package="com.aexp.cicdmainframe.hpuftintegration" /><diagnostic type="string" string="325" key="timing.Instrumentation" /><diagnostic type="number" number="30.0" string="30" key="class.proximity" class="XmlRootElement" package="javax.xml.bind.annotation" /><diagnostic type="string" string="create com.sun.jersey.api.client.Client" key="helpers.used.mothers" fullmethod="createJerseyClient()" method="createJerseyClient()" class="JerseyClientCreationTestHelper" package="com.aexp.cicdmainframe.helper" /><diagnostic type="string" string="Mock level: 1" key="test.created" fullmethod="testGetSSLContext5()" method="testGetSSLContext5()" class="HPUFTIntegrationUtilAgitarTest" package="com.aexp.cicdmainframe.hpuftintegration" /><diagnostic type="number" number="30.0" string="30" key="class.proximity" class="XmlAttribute" package="javax.xml.bind.annotation" /><diagnostic type="fraction" numerator="51" denominator="53" number="0.9622641509433962" string="51/53 (96.23%)" key="coverage.testgen" fullmethod="getSSLContext()" method="getSSLContext()" class="HPUFTIntegrationUtil" package="com.aexp.cicdmainframe.hpuftintegration" /><diagnostic type="string" string="Mock level: 1" key="test.created" fullmethod="testGetSSLContext3()" method="testGetSSLContext3()" class="HPUFTIntegrationUtilAgitarTest" package="com.aexp.cicdmainframe.hpuftintegration" /><diagnostic type="fraction" numerator="0" denominator="170" number="0.0" string="0/170 (0%)" key="mockingbird.ratio" class="Object[]" package="java.lang" /><diagnostic type="string" string="3082" key="timing.Normal" /><diagnostic type="fraction" numerator="3" denominator="4" number="0.75" string="3/4 (75%)" key="coverage.testgen" fullmethod="getInstance()" method="getInstance()" class="HPUFTIntegrationUtil" package="com.aexp.cicdmainframe.hpuftintegration" /><diagnostic type="fraction" numerator="8" denominator="8" number="1.0" string="8/8 (100%)" key="mockingbird.ratio" class="KeyStore" package="java.security" /><diagnostic type="number" number="75.0" string="75" key="memory.free.final" /><diagnostic type="number" number="1.0" string="1" key="test.classes.generated" /><diagnostic type="string" string="Linux" key="os.name" /><diagnostic type="fraction" numerator="71" denominator="73" number="0.9726027397260274" string="71/73 (97.26%)" key="coverage.agitation" class="HPUFTIntegrationUtil" package="com.aexp.cicdmainframe.hpuftintegration" /><diagnostic type="fraction" numerator="3" denominator="3" number="1.0" string="3/3 (100%)" key="mockingbird.ratio" class="KeyManagerFactory" package="javax.net.ssl" /><diagnostic type="string" string="2.6.18-194.el5" key="os.version" /><diagnostic type="list" key="classpath.agitar"><diagnostic type="string" string="plugins/com.agitar.agitator_6.0.0.000016/com.agitar.agitator.jar" /><diagnostic type="string" string="plugins/com.agitar.agitator_6.0.0.000016/com.agitar.knowledge.jar" /><diagnostic type="string" string="plugins/com.agitar.agitator_6.0.0.000016/com.agitar.tools.jar" /><diagnostic type="string" string="plugins/com.agitar.agitator_6.0.0.000016/lib/agitar-crimson.jar" /><diagnostic type="string" string="plugins/com.agitar.agitator_6.0.0.000016/lib/agitar-gnu-regexp-1.1.4.jar" /><diagnostic type="string" string="plugins/com.agitar.agitator_6.0.0.000016/lib/agitar-org.eclipse.jdt.core_3.6.0.jar" /><diagnostic type="string" string="plugins/com.agitar.agitator_6.0.0.000016/lib/agitator-lib.jar" /><diagnostic type="string" string="plugins/com.agitar.agitator_6.0.0.000016/lib/antlr-2.7.5H3.jar" /><diagnostic type="string" string="plugins/com.agitar.agitator_6.0.0.000016/lib/checkstyle-5.6-all.jar" /><diagnostic type="string" string="plugins/com.agitar.agitator_6.0.0.000016/lib/commons-beanutils-core.jar" /><diagnostic type="string" string="plugins/com.agitar.agitator_6.0.0.000016/lib/commons-beanutils.jar" /><diagnostic type="string" string="plugins/com.agitar.agitator_6.0.0.000016/lib/commons-collections.jar" /><diagnostic type="string" string="plugins/com.agitar.agitator_6.0.0.000016/lib/fast-md5.jar" /><diagnostic type="string" string="plugins/com.agitar.agitator_6.0.0.000016/lib/isorelax.jar" /><diagnostic type="string" string="plugins/com.agitar.agitator_6.0.0.000016/lib/lucene-1.5-rc1-dev.jar" /><diagnostic type="string" string="plugins/com.agitar.agitator_6.0.0.000016/lib/msv.jar" /><diagnostic type="string" string="plugins/com.agitar.agitator_6.0.0.000016/lib/relaxngDatatype.jar" /><diagnostic type="string" string="plugins/com.agitar.agitator_6.0.0.000016/lib/xmlgen.jar" /><diagnostic type="string" string="plugins/com.agitar.agitator_6.0.0.000016/lib/xsdlib.jar" /><diagnostic type="string" string="plugins/com.agitar.agitator_6.0.0.000016/lib/xstream-1.2.2.jar" /><diagnostic type="string" string="plugins/com.agitar.eclipse.coverage_6.0.0.000016/com.agitar.asm.jar" /><diagnostic type="string" string="plugins/com.agitar.eclipse.coverage_6.0.0.000016/com.agitar.check.jar" /><diagnostic type="string" string="plugins/com.agitar.eclipse.coverage_6.0.0.000016/com.agitar.common.jar" /><diagnostic type="string" string="plugins/com.agitar.eclipse.coverage_6.0.0.000016/com.agitar.coverage.jar" /><diagnostic type="string" string="plugins/com.agitar.eclipse.coverage_6.0.0.000016/com.agitar.eclipse.core.jar" /><diagnostic type="string" string="plugins/com.agitar.eclipse.coverage_6.0.0.000016/com.agitar.eclipse.coverage.jar" /><diagnostic type="string" string="plugins/com.agitar.eclipse.coverage_6.0.0.000016/com.agitar.eclipse.project.mock.jar" /><diagnostic type="string" string="plugins/com.agitar.eclipse.coverage_6.0.0.000016/lib/commons-cli-1.0.jar" /><diagnostic type="string" string="plugins/com.agitar.eclipse.coverage_6.0.0.000016/lib/commons-codec-1.3.jar" /><diagnostic type="string" string="plugins/com.agitar.eclipse.coverage_6.0.0.000016/lib/commons-httpclient-3.1.jar" /><diagnostic type="string" string="plugins/com.agitar.eclipse.coverage_6.0.0.000016/lib/commons-logging.jar" /><diagnostic type="string" string="plugins/com.agitar.eclipse.coverage_6.0.0.000016/lib/ezlicgen30.jar" /><diagnostic type="string" string="plugins/com.agitar.eclipse.coverage_6.0.0.000016/lib/ezlicrun30.jar" /><diagnostic type="string" string="plugins/com.agitar.eclipse.coverage_6.0.0.000016/lib/hsqldb.jar" /><diagnostic type="string" string="plugins/com.agitar.eclipse.coverage_6.0.0.000016/lib/ils10.jar" /><diagnostic type="string" string="plugins/com.agitar.eclipse.coverage_6.0.0.000016/lib/ilsadmin10.jar" /><diagnostic type="string" string="plugins/com.agitar.eclipse.coverage_6.0.0.000016/lib/ilsclient10.jar" /><diagnostic type="string" string="plugins/com.agitar.eclipse.coverage_6.0.0.000016/lib/ilscrypt10.jar" /><diagnostic type="string" string="plugins/com.agitar.eclipse.coverage_6.0.0.000016/lib/ilsdb10.jar" /><diagnostic type="string" string="plugins/com.agitar.eclipse.coverage_6.0.0.000016/lib/jvmdetector.jar" /><diagnostic type="string" string="plugins/com.agitar.eclipse.coverage_6.0.0.000016/lib/wdortl20.jar" /><diagnostic type="string" string="plugins/com.agitar.eclipse.coverage_6.0.0.000016/lib/xpp3-1.1.4c.jar" /><diagnostic type="string" string="plugins/com.agitar.eclipse.api_6.0.0.000016/com.agitar.eclipse.api.jar" /><diagnostic type="string" string="plugins/com.agitar.eclipse.api_6.0.0.000016/com.agitar.mockingbird.jar" /><diagnostic type="string" string="plugins/com.agitar.eclipse.api_6.0.0.000016/com.agitar.testrunner.jar" /><diagnostic type="string" string="plugins/com.agitar.eclipse.api_6.0.0.000016/lib/ant-junit.jar" /><diagnostic type="string" string="plugins/com.agitar.eclipse.api_6.0.0.000016/lib/ant-launcher.jar" /><diagnostic type="string" string="plugins/com.agitar.eclipse.api_6.0.0.000016/lib/ant.jar" /><diagnostic type="string" string="plugins/com.agitar.eclipse.api_6.0.0.000016/lib/junit.jar" /><diagnostic type="string" string="plugins/com.agitar.eclipse.api_6.0.0.000016/lib/xalan.jar" /><diagnostic type="string" string="../../../platforms/linux/x86_64/eclipse/plugins/org.junit_4.10.0.v4_10_0_v20120426-0900/junit.jar" /></diagnostic><diagnostic type="string" string="Mock level: 1" key="test.created" fullmethod="testGetSSLContext13()" method="testGetSSLContext13()" class="HPUFTIntegrationUtilAgitarTest" package="com.aexp.cicdmainframe.hpuftintegration" /><diagnostic type="fraction" numerator="0" denominator="1" number="0.0" string="0/1 (0%)" key="mockingbird.ratio" class="Object" package="java.lang" /><diagnostic type="number" number="73.0" string="73" key="memory.used.final" /><diagnostic type="fraction" numerator="1" denominator="15" number="0.06666666666666667" string="1/15 (6.67%)" key="mockingbird.ratio" class="SSLContext" package="javax.net.ssl" /><diagnostic type="fraction" numerator="51" denominator="53" number="0.9622641509433962" string="51/53 (96.23%)" key="coverage.agitation" fullmethod="getSSLContext()" method="getSSLContext()" class="HPUFTIntegrationUtil" package="com.aexp.cicdmainframe.hpuftintegration" /><diagnostic type="string" string="Oracle Corporation" key="java.vendor" /><diagnostic type="list" key="classpath.expert"><diagnostic type="string" string="plugins/com.agitar.experts.struts_6.0.0.000016/com.agitar.experts.struts.jar" /><diagnostic type="string" string="plugins/com.agitar.experts.hibernate_6.0.0.000016/com.agitar.experts.hibernate.jar" /><diagnostic type="string" string="plugins/com.agitar.experts.spring_6.0.0.000016/com.agitar.experts.spring.jar" /><diagnostic type="string" string="plugins/com.agitar.experts.j2ee_6.0.0.000016/com.agitar.experts.j2ee.jar" /><diagnostic type="string" string="plugins/com.agitar.experts.jsf_6.0.0.000016/com.agitar.experts.jsf.jar" /></diagnostic><diagnostic type="string" string="3" key="timing.Exception" /><diagnostic type="number" number="30.0" string="30" key="class.proximity" class="GetInstance" package="sun.security.jca" /><diagnostic type="number" number="13.0" string="13" key="complexity" class="HPUFTIntegrationUtil" package="com.aexp.cicdmainframe.hpuftintegration" /><diagnostic type="string" string="bin" key="classpath.user" /><diagnostic type="string" string=" -30F1" key="coverage.testgen.delta" class="HPUFTIntegrationUtil" package="com.aexp.cicdmainframe.hpuftintegration" /><diagnostic type="string" string="0" key="timing.Repeat" /><diagnostic type="number" number="30.0" string="30" key="class.proximity" class="SSLContextSpi" package="javax.net.ssl" /><diagnostic type="string" string="/opt/agitar/agitarOne/work/cu038.virtual.aedc.extra.aexp.com-agitar-0/dcbf3a906a0272683156ece8d540d51b/HpUftIntegration" key="user.dir" /><diagnostic type="string" string="Mock level: 1" key="test.created" fullmethod="testGetInstance1()" method="testGetInstance1()" class="HPUFTIntegrationUtilAgitarTest" package="com.aexp.cicdmainframe.hpuftintegration" /><diagnostic type="fraction" numerator="10" denominator="10" number="1.0" string="10/10 (100%)" key="mockingbird.ratio" class="FileInputStream" package="java.io" /><diagnostic type="number" number="0.0" string="0" key="memory.ooms" /><diagnostic type="fraction" numerator="14" denominator="14" number="1.0" string="14/14 (100%)" key="coverage.final" fullmethod="createRequestEntity()" method="createRequestEntity()" class="HPUFTIntegrationUtil" package="com.aexp.cicdmainframe.hpuftintegration" /><diagnostic type="fraction" numerator="2" denominator="2" number="1.0" string="2/2 (100%)" key="coverage.final" fullmethod="&lt;init>()" method="&lt;init>()" class="HPUFTIntegrationUtil" package="com.aexp.cicdmainframe.hpuftintegration" /><diagnostic type="number" number="9.0" string="9" key="complexity" fullmethod="getSSLContext()" method="getSSLContext()" class="HPUFTIntegrationUtil" package="com.aexp.cicdmainframe.hpuftintegration" /><diagnostic type="string" string="Mock level: 1" key="test.created" fullmethod="testGetSSLContext10()" method="testGetSSLContext10()" class="HPUFTIntegrationUtilAgitarTest" package="com.aexp.cicdmainframe.hpuftintegration" /><diagnostic type="fraction" numerator="2" denominator="21" number="0.09523809523809523" string="2/21 (9.52%)" key="mockingbird.ratio" class="HPUFTIntegrationUtil" package="com.aexp.cicdmainframe.hpuftintegration" /><diagnostic type="string" string="true v82 != null" key="mockitator.skip.edge" fullmethod="getInstance()" method="getInstance()" class="HPUFTIntegrationUtil" package="com.aexp.cicdmainframe.hpuftintegration" /><diagnostic type="fraction" numerator="14" denominator="14" number="1.0" string="14/14 (100%)" key="mockingbird.ratio" class="PrintStream" package="java.io" /><diagnostic type="string" string="Mock level: 0" key="test.created" fullmethod="testConstructor()" method="testConstructor()" class="HPUFTIntegrationUtilAgitarTest" package="com.aexp.cicdmainframe.hpuftintegration" /><diagnostic type="string" string="1.7.0_17" key="java.version" /><diagnostic type="fraction" numerator="14" denominator="14" number="1.0" string="14/14 (100%)" key="mockingbird.ratio" class="StringBuilder" package="java.lang" /><diagnostic type="string" string="2" key="timing.SaveAcovTime" /><diagnostic type="fraction" numerator="2" denominator="2" number="1.0" string="2/2 (100%)" key="mockingbird.ratio" class="UnrecoverableKeyException" package="java.security" /><diagnostic type="fraction" numerator="14" denominator="14" number="1.0" string="14/14 (100%)" key="mockingbird.ratio" class="URL" package="java.net" /><diagnostic type="string" string="Mock level: 1" key="test.created" fullmethod="testGetSSLContext1()" method="testGetSSLContext1()" class="HPUFTIntegrationUtilAgitarTest" package="com.aexp.cicdmainframe.hpuftintegration" /><diagnostic type="fraction" numerator="1" denominator="1" number="1.0" string="1/1 (100%)" key="mockingbird.ratio" class="NullPointerException" package="java.lang" /><diagnostic type="fraction" numerator="6" denominator="6" number="1.0" string="6/6 (100%)" key="mockingbird.ratio" class="NoSuchAlgorithmException" package="java.security" /><diagnostic type="string" string="4" key="timing.AcovCount" /><diagnostic type="number" number="2.0" string="2" key="complexity" fullmethod="getInstance()" method="getInstance()" class="HPUFTIntegrationUtil" package="com.aexp.cicdmainframe.hpuftintegration" /><diagnostic type="list" key="log.user"><diagnostic type="string" string="[STATUS]  [20:39:44:167] Start generating test for class com.aexp.cicdmainframe.hpuftintegration.HPUFTIntegrationUtil&#10;" /><diagnostic type="string" string="[INFO]    [20:39:58:705] Mock sequence generator produced 15 tests (0 aggressive).&#10;" /><diagnostic type="string" string="[STATUS]  [20:40:05:041] Class com.aexp.cicdmainframe.hpuftintegration.HPUFTIntegrationUtil : test generation completed&#10;" /></diagnostic><diagnostic type="number" number="30.0" string="30" key="class.proximity" class="SSLPermission" package="javax.net.ssl" /><diagnostic type="number" number="30.0" string="30" key="class.proximity" class="XmlElement" package="javax.xml.bind.annotation" /><diagnostic type="fraction" numerator="14" denominator="14" number="1.0" string="14/14 (100%)" key="mockingbird.ratio" class="ClassLoader" package="java.lang" /><diagnostic type="number" number="65.0" string="65" key="class.proximity" class="Fields" package="com.aexp.cicdmainframe.hpuftintegration.bvssuite" /><diagnostic type="string" string="Mock level: 1" key="test.created" fullmethod="testGetSSLContext()" method="testGetSSLContext()" class="HPUFTIntegrationUtilAgitarTest" package="com.aexp.cicdmainframe.hpuftintegration" /><diagnostic type="string" string="Mock level: 1" key="test.created" fullmethod="testGetSSLContext4()" method="testGetSSLContext4()" class="HPUFTIntegrationUtilAgitarTest" package="com.aexp.cicdmainframe.hpuftintegration" /><diagnostic type="string" string="AgitarOne Version 6.0.0.000016 (Build date: Aug 05, 2013) [6.0.0.000016]" key="agitar.version" /><diagnostic type="string" string="Agitar internal" key="helpers.unused.internal.classes" class="ScopedTestHelper" package="com.agitar.lib" /><diagnostic type="fraction" numerator="14" denominator="14" number="1.0" string="14/14 (100%)" key="coverage.testgen" fullmethod="createRequestEntity()" method="createRequestEntity()" class="HPUFTIntegrationUtil" package="com.aexp.cicdmainframe.hpuftintegration" /><diagnostic type="fraction" numerator="2" denominator="2" number="1.0" string="2/2 (100%)" key="coverage.testgen" fullmethod="&lt;init>()" method="&lt;init>()" class="HPUFTIntegrationUtil" package="com.aexp.cicdmainframe.hpuftintegration" /><diagnostic type="fraction" numerator="71" denominator="73" number="0.9726027397260274" string="71/73 (97.26%)" key="coverage.normal" class="HPUFTIntegrationUtil" package="com.aexp.cicdmainframe.hpuftintegration" /><diagnostic type="string" string="Mock level: 1" key="test.created" fullmethod="testGetSSLContext12()" method="testGetSSLContext12()" class="HPUFTIntegrationUtilAgitarTest" package="com.aexp.cicdmainframe.hpuftintegration" /><diagnostic type="string" string="com.aexp.cicdmainframe.helper.JerseyClientCreationTestHelper" key="helpers.used.classes" /><diagnostic type="string" string="com.aexp.cicdmainframe.hpuftintegration.HPUFTIntegrationUtil" key="target.class.name" /><diagnostic type="number" number="30.0" string="30" key="class.proximity" class="KeyManagerFactorySpi" package="javax.net.ssl" /><diagnostic type="number" number="917.0" string="917" key="memory.max.final" /><diagnostic type="number" number="148.0" string="148" key="memory.total.final" /><diagnostic type="fraction" numerator="38" denominator="38" number="1.0" string="38/38 (100%)" key="mockingbird.ratio" class="File" package="java.io" /><diagnostic type="fraction" numerator="3" denominator="3" number="1.0" string="3/3 (100%)" key="mockingbird.ratio" class="FileNotFoundException" package="java.io" /><diagnostic type="fraction" numerator="3" denominator="3" number="1.0" string="3/3 (100%)" key="mockingbird.ratio" class="NoSuchProviderException" package="java.security" /><diagnostic type="number" number="7.0" string="7" key="thread.count.final" /><diagnostic type="fraction" numerator="137" denominator="355" number="0.38591549295774646" string="137/355 (38.59%)" key="mockingbird.ratio.total" /><diagnostic type="fraction" numerator="0" denominator="1" number="0.0" string="0/1 (0%)" key="mockingbird.ratio" class="KeyManager[]" package="javax.net.ssl" /><diagnostic type="fraction" numerator="0" denominator="1" number="0.0" string="0/1 (0%)" key="mockingbird.ratio" class="AgClassLoader" package="com.agitar.agitator" /><diagnostic type="string" string="212" key="timing.Loading" /><diagnostic type="fraction" numerator="14" denominator="14" number="1.0" string="14/14 (100%)" key="coverage.agitation" fullmethod="createRequestEntity()" method="createRequestEntity()" class="HPUFTIntegrationUtil" package="com.aexp.cicdmainframe.hpuftintegration" /><diagnostic type="fraction" numerator="2" denominator="2" number="1.0" string="2/2 (100%)" key="coverage.agitation" fullmethod="&lt;init>()" method="&lt;init>()" class="HPUFTIntegrationUtil" package="com.aexp.cicdmainframe.hpuftintegration" /><diagnostic type="number" number="100.0" string="100" key="class.proximity" class="HPUFTIntegrationUtil" package="com.aexp.cicdmainframe.hpuftintegration" /></diagnostics></report>