<report date="Fri Feb 17 20:38:52 PST 2017"><problems /><solutions /><diagnostics><diagnostic type="list" key="classpath.library"><diagnostic type="string" string="lib/log4j-1.2.16.jar" /><diagnostic type="string" string="lib/jersey-client-2.25.jar" /><diagnostic type="string" string="lib/jersey-common-2.25.jar" /><diagnostic type="string" string="lib/junit-4.11.jar" /><diagnostic type="string" string="lib/jersey-bundle-1.19.1.jar" /><diagnostic type="string" string="397b70e312007dc1a804702498bb25a5/jersey-client-1.19.3.jar" /><diagnostic type="string" string="9d72a569b9ccb71e95c1e889cd08a1f2/com.agitar.mockingbird.jar" /><diagnostic type="string" string="2686f545a2ce8141a152d83a264ecdb2/org.agitar.mock5.jar" /></diagnostic><diagnostic type="fraction" numerator="1" denominator="1" number="1.0" string="1/1 (100%)" key="coverage.final" fullmethod="getAuthenticationMap()" method="getAuthenticationMap()" class="HPUFTIntegrationBase" package="com.aexp.cicdmainframe.hpuftintegration" /><diagnostic type="number" number="1.0" string="1" key="complexity" fullmethod="getAuthenticationMap()" method="getAuthenticationMap()" class="HPUFTIntegrationBase" package="com.aexp.cicdmainframe.hpuftintegration" /><diagnostic type="string" string="bin" key="classpath.user" /><diagnostic type="string" string="0" key="timing.Repeat" /><diagnostic type="string" string="1166" key="timing.Analysis" /><diagnostic type="string" string="131" key="timing.Boundary" /><diagnostic type="string" string="/opt/agitar/agitarOne/work/cu038.virtual.aedc.extra.aexp.com-agitar-0/dcbf3a906a0272683156ece8d540d51b/HpUftIntegration" key="user.dir" /><diagnostic type="fraction" numerator="8" denominator="8" number="1.0" string="8/8 (100%)" key="class.creation" class="HPUFTIntegrationBase" package="com.aexp.cicdmainframe.hpuftintegration" /><diagnostic type="number" number="0.0" string="0" key="memory.ooms" /><diagnostic type="list" key="java.vmargs"><diagnostic type="string" string="-Xmx1024m" /><diagnostic type="string" string="-Duser.language=en" /><diagnostic type="string" string="-Djava.awt.headless=true" /><diagnostic type="string" string="-Duser.country=US" /><diagnostic type="string" string="-Dagitar.test.gen.source.folder=test" /><diagnostic type="string" string="-Djava5.home=/opt/agitar/agitarOne/platforms/linux/x86_64/java/Sun/1.5" /><diagnostic type="string" string="-Dagitar.time.scaling.factor=1" /><diagnostic type="string" string="-Dagitar.job.md5=dcbf3a906a0272683156ece8d540d51b" /></diagnostic><diagnostic type="list" key="test.failing" fullmethod="getAuthenticationMap()" method="getAuthenticationMap()" class="HPUFTIntegrationBase" package="com.aexp.cicdmainframe.hpuftintegration"><diagnostic type="test" string="Normal: for ref[HashMap@3ee489aa/notnull] expected &quot;{gp=Z{4amI'KX\;Y3(sTb*wse!'j`]nr=[JZ,>Gj, 0X0&#10;L&quot;B&quot;~Z%@tfOFaLg8A+71]}DU(=M\u000EZ+^k\u000E\u0012L\u0002c, testString=testString}&quot; (java.util.HashMap) but got &quot;{!BY&#9;>hZW([@*;M5Ph&#9;d*CdOCG|~E\*gO=testString, testString=testString}&quot; (java.util.HashMap)" mocklevel="0" reason="for ref[HashMap@3ee489aa/notnull] expected &quot;{gp=Z{4amI'KX\;Y3(sTb*wse!'j`]nr=[JZ,>Gj, 0X0&#10;L&quot;B&quot;~Z%@tfOFaLg8A+71]}DU(=M\u000EZ+^k\u000E\u0012L\u0002c, testString=testString}&quot; (java.util.HashMap) but got &quot;{!BY&#9;>hZW([@*;M5Ph&#9;d*CdOCG|~E\*gO=testString, testString=testString}&quot; (java.util.HashMap)" operation="#429644181 com.aexp.cicdmainframe.hpuftintegration.HPUFTIntegrationBase.getAuthenticationMap() Params: [] Ret: ref[HashMap@3ee489aa/notnull]" coverage="1 [1]" outcome="Normal"><source>Map hashMap = new HashMap(4, 0.75F);
hashMap.put("gp=Z{4amI'KX\\;Y3(sTb*wse!'j`]nr", "[JZ,>Gj");
hashMap.put("testString", "testString");
hashMap.put("0X0\nL\"B\"~Z%@tfOFaLg8A+71]}DU(", "M\u000EZ+^k\u000E\u0012L\u0002c");
HPUFTIntegrationBase.getAuthenticationMap();
</source><diagnostic type="error" exception-class="com.agitar.tbe.recorder.a" exception-message="for ref[HashMap@3ee489aa/notnull] expected &quot;{gp=Z{4amI'KX\;Y3(sTb*wse!'j`]nr=[JZ,>Gj, 0X0&#10;L&quot;B&quot;~Z%@tfOFaLg8A+71]}DU(=M\u000EZ+^k\u000E\u0012L\u0002c, testString=testString}&quot; (java.util.HashMap) but got &quot;{!BY&#9;>hZW([@*;M5Ph&#9;d*CdOCG|~E\*gO=testString, testString=testString}&quot; (java.util.HashMap)" string="a: &quot;for ref[HashMap@3ee489aa/notnull] expected &quot;{gp=Z{4amI'KX\;Y3(sTb*wse!'j`]nr=[JZ,>Gj, 0X0&#10;L&quot;B&quot;~Z%@tfOFaLg8A+71]}DU(=M\u000EZ+^k\u000E\u0012L\u0002c, testString=testString}&quot; (java.util.HashMap) but got &quot;{!BY&#9;>hZW([@*;M5Ph&#9;d*CdOCG|~E\*gO=testString, testString=testString}&quot; (java.util.HashMap)&quot; at w.a() line 78 at kb.a() line 279"><trace class="com.agitar.tbe.recorder.w" method="a" line="78" /><trace class="com.agitar.tbe.recorder.operations.kb" method="a" line="279" /><trace class="com.agitar.tbe.recorder.gc" method="a" line="252" /><trace class="com.agitar.tbe.recorder.gc" method="f" line="160" /><trace class="com.agitar.tbe.d" method="a" line="50" /><trace class="com.agitar.tbe.j" method="run" line="227" /></diagnostic></diagnostic><diagnostic type="test" string="Normal: for ref[HashMap@3ee489aa/notnull] expected &quot;{gp=Z{4amI'KX\;Y3(sTb*wse!'j`]nr=[JZ,>Gj, 0X0&#10;L&quot;B&quot;~Z%@tfOFaLg8A+71]}DU(=M\u000EZ+^k\u000E\u0012L\u0002c, testString=testString}&quot; (java.util.HashMap) but got &quot;{}&quot; (java.util.HashMap)" mocklevel="0" reason="for ref[HashMap@3ee489aa/notnull] expected &quot;{gp=Z{4amI'KX\;Y3(sTb*wse!'j`]nr=[JZ,>Gj, 0X0&#10;L&quot;B&quot;~Z%@tfOFaLg8A+71]}DU(=M\u000EZ+^k\u000E\u0012L\u0002c, testString=testString}&quot; (java.util.HashMap) but got &quot;{}&quot; (java.util.HashMap)" operation="#1400120190 com.aexp.cicdmainframe.hpuftintegration.HPUFTIntegrationBase.getAuthenticationMap() Params: [] Ret: ref[HashMap@3ee489aa/notnull]" coverage="1 [1]" outcome="Normal"><source>Map hashMap = new HashMap(4, 0.75F);
hashMap.put("gp=Z{4amI'KX\\;Y3(sTb*wse!'j`]nr", "[JZ,>Gj");
hashMap.put("testString", "testString");
hashMap.put("0X0\nL\"B\"~Z%@tfOFaLg8A+71]}DU(", "M\u000EZ+^k\u000E\u0012L\u0002c");
HPUFTIntegrationBase.getAuthenticationMap();
</source><diagnostic type="error" exception-class="com.agitar.tbe.recorder.a" exception-message="for ref[HashMap@3ee489aa/notnull] expected &quot;{gp=Z{4amI'KX\;Y3(sTb*wse!'j`]nr=[JZ,>Gj, 0X0&#10;L&quot;B&quot;~Z%@tfOFaLg8A+71]}DU(=M\u000EZ+^k\u000E\u0012L\u0002c, testString=testString}&quot; (java.util.HashMap) but got &quot;{}&quot; (java.util.HashMap)" string="a: &quot;for ref[HashMap@3ee489aa/notnull] expected &quot;{gp=Z{4amI'KX\;Y3(sTb*wse!'j`]nr=[JZ,>Gj, 0X0&#10;L&quot;B&quot;~Z%@tfOFaLg8A+71]}DU(=M\u000EZ+^k\u000E\u0012L\u0002c, testString=testString}&quot; (java.util.HashMap) but got &quot;{}&quot; (java.util.HashMap)&quot; at w.a() line 78 at kb.a() line 279"><trace class="com.agitar.tbe.recorder.w" method="a" line="78" /><trace class="com.agitar.tbe.recorder.operations.kb" method="a" line="279" /><trace class="com.agitar.tbe.recorder.gc" method="a" line="252" /><trace class="com.agitar.tbe.recorder.gc" method="f" line="160" /><trace class="com.agitar.tbe.d" method="a" line="50" /><trace class="com.agitar.tbe.j" method="run" line="227" /></diagnostic></diagnostic><diagnostic type="test" string="Normal: for ref[HashMap@7cd569b5/notnull] expected &quot;{=testString, testString=testString}&quot; (java.util.HashMap) but got &quot;{}&quot; (java.util.HashMap)" mocklevel="0" reason="for ref[HashMap@7cd569b5/notnull] expected &quot;{=testString, testString=testString}&quot; (java.util.HashMap) but got &quot;{}&quot; (java.util.HashMap)" operation="#557407625 com.aexp.cicdmainframe.hpuftintegration.HPUFTIntegrationBase.getAuthenticationMap() Params: [] Ret: ref[HashMap@7cd569b5/notnull]" coverage="1 [1]" outcome="Normal"><source>Map hashMap = new HashMap(2, 0.75F);
hashMap.put("", "testString");
hashMap.put("testString", "testString");
HPUFTIntegrationBase.getAuthenticationMap();
</source><diagnostic type="error" exception-class="com.agitar.tbe.recorder.a" exception-message="for ref[HashMap@7cd569b5/notnull] expected &quot;{=testString, testString=testString}&quot; (java.util.HashMap) but got &quot;{}&quot; (java.util.HashMap)" string="a: &quot;for ref[HashMap@7cd569b5/notnull] expected &quot;{=testString, testString=testString}&quot; (java.util.HashMap) but got &quot;{}&quot; (java.util.HashMap)&quot; at w.a() line 78 at kb.a() line 279"><trace class="com.agitar.tbe.recorder.w" method="a" line="78" /><trace class="com.agitar.tbe.recorder.operations.kb" method="a" line="279" /><trace class="com.agitar.tbe.recorder.gc" method="a" line="252" /><trace class="com.agitar.tbe.recorder.gc" method="f" line="160" /><trace class="com.agitar.tbe.d" method="a" line="50" /><trace class="com.agitar.tbe.j" method="run" line="227" /></diagnostic></diagnostic><diagnostic type="test" string="Normal: 0,0" mocklevel="3" reason="0,0" coverage="1 [1]" outcome="Normal"><source>HPUFTIntegrationBase.getAuthenticationMap();
</source><diagnostic type="error" log-message="method passed with unstable assertions" string="method passed with unstable assertions" /></diagnostic></diagnostic><diagnostic type="fraction" numerator="50" denominator="50" number="1.0" string="50/50 (100%)" key="class.creation" class="String" package="java.lang" /><diagnostic type="string" string="1.7.0_17" key="java.version" /><diagnostic type="string" string="unchanged" key="coverage.final.delta" class="HPUFTIntegrationBase" package="com.aexp.cicdmainframe.hpuftintegration" /><diagnostic type="string" string="2" key="timing.SaveAcovTime" /><diagnostic type="fraction" numerator="0" denominator="2" number="0.0" string="0/2 (0%)" key="mockingbird.ratio" class="HashMap" package="java.util" /><diagnostic type="string" string="Agitar internal" key="helpers.unused.internal.classes" class="SetupHelper" package="com.agitar.lib" /><diagnostic type="fraction" numerator="0" denominator="1" number="0.0" string="0/1 (0%)" key="mockingbird.ratio" class="HPUFTIntegrationBase" package="com.aexp.cicdmainframe.hpuftintegration" /><diagnostic type="string" string="100" key="timing.Cov%" /><diagnostic type="list" key="classpath.extension"><diagnostic type="string" string="plugins/com.agitar.eclipse.api_6.0.0.000016/lib/ext/org.agitar.mock5.jar" /><diagnostic type="string" string="plugins/com.agitar.agitator_6.0.0.000016/lib/ext/com.agitar.enterprise5.jar" /></diagnostic><diagnostic type="fraction" numerator="0" denominator="5" number="0.0" string="0/5 (0%)" key="coverage.aggressive" class="HPUFTIntegrationBase" package="com.aexp.cicdmainframe.hpuftintegration" /><diagnostic type="string" string="Mock level: 0" key="test.created" fullmethod="testGetAuthenticationMap()" method="testGetAuthenticationMap()" class="HPUFTIntegrationBaseAgitarTest" package="com.aexp.cicdmainframe.hpuftintegration" /><diagnostic type="string" string="2" key="timing.AcovCount" /><diagnostic type="list" key="log.user"><diagnostic type="string" string="[STATUS]  [20:38:40:007] Start generating test for class com.aexp.cicdmainframe.hpuftintegration.HPUFTIntegrationBase&#10;" /><diagnostic type="string" string="[INFO]    [20:38:48:330] Mock sequence generator produced 0 tests (0 aggressive).&#10;" /><diagnostic type="string" string="[STATUS]  [20:38:51:828] Class com.aexp.cicdmainframe.hpuftintegration.HPUFTIntegrationBase : test generation completed&#10;" /></diagnostic><diagnostic type="string" string="unchanged" key="coverage.testgen.delta" class="HPUFTIntegrationBase" package="com.aexp.cicdmainframe.hpuftintegration" /><diagnostic type="fraction" numerator="2" denominator="2" number="1.0" string="2/2 (100%)" key="coverage.final" fullmethod="setAuthenticationMap(java.util.Map param1)" method="setAuthenticationMap(Map)" class="HPUFTIntegrationBase" package="com.aexp.cicdmainframe.hpuftintegration" /><diagnostic type="fraction" numerator="5" denominator="5" number="1.0" string="5/5 (100%)" key="coverage.final" class="HPUFTIntegrationBase" package="com.aexp.cicdmainframe.hpuftintegration" /><diagnostic type="number" number="3.0" string="3" key="complexity" class="HPUFTIntegrationBase" package="com.aexp.cicdmainframe.hpuftintegration" /><diagnostic type="string" string="agitar/config" key="config.path" /><diagnostic type="number" number="1.0" string="1" key="complexity" fullmethod="setAuthenticationMap(java.util.Map param1)" method="setAuthenticationMap(Map)" class="HPUFTIntegrationBase" package="com.aexp.cicdmainframe.hpuftintegration" /><diagnostic type="fraction" numerator="2" denominator="2" number="1.0" string="2/2 (100%)" key="coverage.final" fullmethod="&lt;init>()" method="&lt;init>()" class="HPUFTIntegrationBase" package="com.aexp.cicdmainframe.hpuftintegration" /><diagnostic type="number" number="1.0" string="1" key="complexity" fullmethod="&lt;init>()" method="&lt;init>()" class="HPUFTIntegrationBase" package="com.aexp.cicdmainframe.hpuftintegration" /><diagnostic type="number" number="8.0" string="8" key="thread.count.initial" /><diagnostic type="number" number="100.0" string="100" key="class.proximity" class="HPUFTIntegrationBase" package="com.aexp.cicdmainframe.hpuftintegration" /><diagnostic type="number" number="872.0" string="872" key="memory.available.final" /><diagnostic type="fraction" numerator="1" denominator="1" number="1.0" string="1/1 (100%)" key="coverage.testgen" fullmethod="getAuthenticationMap()" method="getAuthenticationMap()" class="HPUFTIntegrationBase" package="com.aexp.cicdmainframe.hpuftintegration" /><diagnostic type="string" string="144" key="timing.Instrumentation" /><diagnostic type="fraction" numerator="2" denominator="2" number="1.0" string="2/2 (100%)" key="coverage.agitation" fullmethod="&lt;init>()" method="&lt;init>()" class="HPUFTIntegrationBase" package="com.aexp.cicdmainframe.hpuftintegration" /><diagnostic type="string" string="create com.sun.jersey.api.client.Client" key="helpers.used.mothers" fullmethod="createJerseyClient()" method="createJerseyClient()" class="JerseyClientCreationTestHelper" package="com.aexp.cicdmainframe.helper" /><diagnostic type="string" string="AgitarOne Version 6.0.0.000016 (Build date: Aug 05, 2013) [6.0.0.000016]" key="agitar.version" /><diagnostic type="string" string="Agitar internal" key="helpers.unused.internal.classes" class="ScopedTestHelper" package="com.agitar.lib" /><diagnostic type="number" number="65.0" string="65" key="class.proximity" class="HPUFTIntegrationConstants" package="com.aexp.cicdmainframe.hpuftintegration" /><diagnostic type="fraction" numerator="2" denominator="2" number="1.0" string="2/2 (100%)" key="coverage.agitation" fullmethod="setAuthenticationMap(java.util.Map param1)" method="setAuthenticationMap(Map)" class="HPUFTIntegrationBase" package="com.aexp.cicdmainframe.hpuftintegration" /><diagnostic type="fraction" numerator="5" denominator="5" number="1.0" string="5/5 (100%)" key="coverage.agitation" class="HPUFTIntegrationBase" package="com.aexp.cicdmainframe.hpuftintegration" /><diagnostic type="string" string="19" key="timing.Normal" /><diagnostic type="string" string="com.aexp.cicdmainframe.helper.JerseyClientCreationTestHelper" key="helpers.used.classes" /><diagnostic type="string" string="com.aexp.cicdmainframe.hpuftintegration.HPUFTIntegrationBase" key="target.class.name" /><diagnostic type="number" number="85.0" string="85" key="memory.free.final" /><diagnostic type="number" number="130.0" string="130" key="memory.total.final" /><diagnostic type="number" number="917.0" string="917" key="memory.max.final" /><diagnostic type="fraction" numerator="5" denominator="5" number="1.0" string="5/5 (100%)" key="coverage.normal" class="HPUFTIntegrationBase" package="com.aexp.cicdmainframe.hpuftintegration" /><diagnostic type="number" number="1.0" string="1" key="test.classes.generated" /><diagnostic type="string" string="Linux" key="os.name" /><diagnostic type="fraction" numerator="1" denominator="1" number="1.0" string="1/1 (100%)" key="coverage.agitation" fullmethod="getAuthenticationMap()" method="getAuthenticationMap()" class="HPUFTIntegrationBase" package="com.aexp.cicdmainframe.hpuftintegration" /><diagnostic type="string" string="2.6.18-194.el5" key="os.version" /><diagnostic type="fraction" numerator="2" denominator="2" number="1.0" string="2/2 (100%)" key="coverage.testgen" fullmethod="&lt;init>()" method="&lt;init>()" class="HPUFTIntegrationBase" package="com.aexp.cicdmainframe.hpuftintegration" /><diagnostic type="list" key="classpath.agitar"><diagnostic type="string" string="plugins/com.agitar.agitator_6.0.0.000016/com.agitar.agitator.jar" /><diagnostic type="string" string="plugins/com.agitar.agitator_6.0.0.000016/com.agitar.knowledge.jar" /><diagnostic type="string" string="plugins/com.agitar.agitator_6.0.0.000016/com.agitar.tools.jar" /><diagnostic type="string" string="plugins/com.agitar.agitator_6.0.0.000016/lib/agitar-crimson.jar" /><diagnostic type="string" string="plugins/com.agitar.agitator_6.0.0.000016/lib/agitar-gnu-regexp-1.1.4.jar" /><diagnostic type="string" string="plugins/com.agitar.agitator_6.0.0.000016/lib/agitar-org.eclipse.jdt.core_3.6.0.jar" /><diagnostic type="string" string="plugins/com.agitar.agitator_6.0.0.000016/lib/agitator-lib.jar" /><diagnostic type="string" string="plugins/com.agitar.agitator_6.0.0.000016/lib/antlr-2.7.5H3.jar" /><diagnostic type="string" string="plugins/com.agitar.agitator_6.0.0.000016/lib/checkstyle-5.6-all.jar" /><diagnostic type="string" string="plugins/com.agitar.agitator_6.0.0.000016/lib/commons-beanutils-core.jar" /><diagnostic type="string" string="plugins/com.agitar.agitator_6.0.0.000016/lib/commons-beanutils.jar" /><diagnostic type="string" string="plugins/com.agitar.agitator_6.0.0.000016/lib/commons-collections.jar" /><diagnostic type="string" string="plugins/com.agitar.agitator_6.0.0.000016/lib/fast-md5.jar" /><diagnostic type="string" string="plugins/com.agitar.agitator_6.0.0.000016/lib/isorelax.jar" /><diagnostic type="string" string="plugins/com.agitar.agitator_6.0.0.000016/lib/lucene-1.5-rc1-dev.jar" /><diagnostic type="string" string="plugins/com.agitar.agitator_6.0.0.000016/lib/msv.jar" /><diagnostic type="string" string="plugins/com.agitar.agitator_6.0.0.000016/lib/relaxngDatatype.jar" /><diagnostic type="string" string="plugins/com.agitar.agitator_6.0.0.000016/lib/xmlgen.jar" /><diagnostic type="string" string="plugins/com.agitar.agitator_6.0.0.000016/lib/xsdlib.jar" /><diagnostic type="string" string="plugins/com.agitar.agitator_6.0.0.000016/lib/xstream-1.2.2.jar" /><diagnostic type="string" string="plugins/com.agitar.eclipse.coverage_6.0.0.000016/com.agitar.asm.jar" /><diagnostic type="string" string="plugins/com.agitar.eclipse.coverage_6.0.0.000016/com.agitar.check.jar" /><diagnostic type="string" string="plugins/com.agitar.eclipse.coverage_6.0.0.000016/com.agitar.common.jar" /><diagnostic type="string" string="plugins/com.agitar.eclipse.coverage_6.0.0.000016/com.agitar.coverage.jar" /><diagnostic type="string" string="plugins/com.agitar.eclipse.coverage_6.0.0.000016/com.agitar.eclipse.core.jar" /><diagnostic type="string" string="plugins/com.agitar.eclipse.coverage_6.0.0.000016/com.agitar.eclipse.coverage.jar" /><diagnostic type="string" string="plugins/com.agitar.eclipse.coverage_6.0.0.000016/com.agitar.eclipse.project.mock.jar" /><diagnostic type="string" string="plugins/com.agitar.eclipse.coverage_6.0.0.000016/lib/commons-cli-1.0.jar" /><diagnostic type="string" string="plugins/com.agitar.eclipse.coverage_6.0.0.000016/lib/commons-codec-1.3.jar" /><diagnostic type="string" string="plugins/com.agitar.eclipse.coverage_6.0.0.000016/lib/commons-httpclient-3.1.jar" /><diagnostic type="string" string="plugins/com.agitar.eclipse.coverage_6.0.0.000016/lib/commons-logging.jar" /><diagnostic type="string" string="plugins/com.agitar.eclipse.coverage_6.0.0.000016/lib/ezlicgen30.jar" /><diagnostic type="string" string="plugins/com.agitar.eclipse.coverage_6.0.0.000016/lib/ezlicrun30.jar" /><diagnostic type="string" string="plugins/com.agitar.eclipse.coverage_6.0.0.000016/lib/hsqldb.jar" /><diagnostic type="string" string="plugins/com.agitar.eclipse.coverage_6.0.0.000016/lib/ils10.jar" /><diagnostic type="string" string="plugins/com.agitar.eclipse.coverage_6.0.0.000016/lib/ilsadmin10.jar" /><diagnostic type="string" string="plugins/com.agitar.eclipse.coverage_6.0.0.000016/lib/ilsclient10.jar" /><diagnostic type="string" string="plugins/com.agitar.eclipse.coverage_6.0.0.000016/lib/ilscrypt10.jar" /><diagnostic type="string" string="plugins/com.agitar.eclipse.coverage_6.0.0.000016/lib/ilsdb10.jar" /><diagnostic type="string" string="plugins/com.agitar.eclipse.coverage_6.0.0.000016/lib/jvmdetector.jar" /><diagnostic type="string" string="plugins/com.agitar.eclipse.coverage_6.0.0.000016/lib/wdortl20.jar" /><diagnostic type="string" string="plugins/com.agitar.eclipse.coverage_6.0.0.000016/lib/xpp3-1.1.4c.jar" /><diagnostic type="string" string="plugins/com.agitar.eclipse.api_6.0.0.000016/com.agitar.eclipse.api.jar" /><diagnostic type="string" string="plugins/com.agitar.eclipse.api_6.0.0.000016/com.agitar.mockingbird.jar" /><diagnostic type="string" string="plugins/com.agitar.eclipse.api_6.0.0.000016/com.agitar.testrunner.jar" /><diagnostic type="string" string="plugins/com.agitar.eclipse.api_6.0.0.000016/lib/ant-junit.jar" /><diagnostic type="string" string="plugins/com.agitar.eclipse.api_6.0.0.000016/lib/ant-launcher.jar" /><diagnostic type="string" string="plugins/com.agitar.eclipse.api_6.0.0.000016/lib/ant.jar" /><diagnostic type="string" string="plugins/com.agitar.eclipse.api_6.0.0.000016/lib/junit.jar" /><diagnostic type="string" string="plugins/com.agitar.eclipse.api_6.0.0.000016/lib/xalan.jar" /><diagnostic type="string" string="../../../platforms/linux/x86_64/eclipse/plugins/org.junit_4.10.0.v4_10_0_v20120426-0900/junit.jar" /></diagnostic><diagnostic type="string" string="Mock level: 0" key="test.created" fullmethod="testConstructor()" method="testConstructor()" class="HPUFTIntegrationBaseAgitarTest" package="com.aexp.cicdmainframe.hpuftintegration" /><diagnostic type="number" number="7.0" string="7" key="thread.count.final" /><diagnostic type="fraction" numerator="0" denominator="3" number="0.0" string="0/3 (0%)" key="mockingbird.ratio.total" /><diagnostic type="string" string="183" key="timing.Loading" /><diagnostic type="number" number="45.0" string="45" key="memory.used.final" /><diagnostic type="string" string="Oracle Corporation" key="java.vendor" /><diagnostic type="string" string="Mock level: 0" key="test.created" fullmethod="testSetAuthenticationMap()" method="testSetAuthenticationMap()" class="HPUFTIntegrationBaseAgitarTest" package="com.aexp.cicdmainframe.hpuftintegration" /><diagnostic type="list" key="classpath.expert"><diagnostic type="string" string="plugins/com.agitar.experts.struts_6.0.0.000016/com.agitar.experts.struts.jar" /><diagnostic type="string" string="plugins/com.agitar.experts.hibernate_6.0.0.000016/com.agitar.experts.hibernate.jar" /><diagnostic type="string" string="plugins/com.agitar.experts.spring_6.0.0.000016/com.agitar.experts.spring.jar" /><diagnostic type="string" string="plugins/com.agitar.experts.j2ee_6.0.0.000016/com.agitar.experts.j2ee.jar" /><diagnostic type="string" string="plugins/com.agitar.experts.jsf_6.0.0.000016/com.agitar.experts.jsf.jar" /></diagnostic><diagnostic type="fraction" numerator="2" denominator="2" number="1.0" string="2/2 (100%)" key="coverage.testgen" fullmethod="setAuthenticationMap(java.util.Map param1)" method="setAuthenticationMap(Map)" class="HPUFTIntegrationBase" package="com.aexp.cicdmainframe.hpuftintegration" /><diagnostic type="string" string="75" key="timing.Exception" /><diagnostic type="fraction" numerator="5" denominator="5" number="1.0" string="5/5 (100%)" key="coverage.testgen" class="HPUFTIntegrationBase" package="com.aexp.cicdmainframe.hpuftintegration" /></diagnostics></report>