<report date="Thu Feb 16 12:28:28 PST 2017"><problems><problem id="1331" severity="93" message="problem.low.coverage" class="com.aexp.cicdmainframe.hpuftintegration.PropertiesCache">There were lines and conditions in PropertiesCache that AgitarOne could not exercise. 13.3% of the class could not be covered.<diagnostic type="number" number="0.1333333333333333" string="0.13" /></problem></problems><solutions><solution rating="3" problemid="1331" message="solution.datahelper.state" class="com.aexp.cicdmainframe.hpuftintegration.PropertiesCache">Write a test data helper that creates parameters that PropertiesCache needs. Create the parameters in the states needed to reach the uncovered sections.</solution><solution rating="1" problemid="1331" message="solution.check.reachability" class="com.aexp.cicdmainframe.hpuftintegration.PropertiesCache">Before spending too much time creating new inputs, you may want to check the remaining lines and conditions to make sure it is actually possible to reach them.</solution></solutions><diagnostics><diagnostic type="list" key="classpath.library"><diagnostic type="string" string="lib/log4j-1.2.16.jar" /><diagnostic type="string" string="lib/jersey-client-2.25.jar" /><diagnostic type="string" string="lib/jersey-common-2.25.jar" /><diagnostic type="string" string="lib/junit-4.11.jar" /><diagnostic type="string" string="lib/jersey-bundle-1.19.1.jar" /><diagnostic type="string" string="397b70e312007dc1a804702498bb25a5/jersey-client-1.19.3.jar" /><diagnostic type="string" string="2686f545a2ce8141a152d83a264ecdb2/org.agitar.mock5.jar" /><diagnostic type="string" string="9d72a569b9ccb71e95c1e889cd08a1f2/com.agitar.mockingbird.jar" /></diagnostic><diagnostic type="string" string="bin" key="classpath.user" /><diagnostic type="string" string="1" key="timing.Repeat" /><diagnostic type="string" string="1792" key="timing.Analysis" /><diagnostic type="string" string="1901" key="timing.Boundary" /><diagnostic type="string" string="18" key="timing.setup" /><diagnostic type="string" string="/opt/agitar/agitarOne/work/cu038.virtual.aedc.extra.aexp.com-agitar-0/986cfcf819ebbf5857d8c94307e65fcc/HpUftIntegration" key="user.dir" /><diagnostic type="number" number="100.0" string="100" key="class.proximity" class="PropertiesCache" package="com.aexp.cicdmainframe.hpuftintegration" /><diagnostic type="number" number="1.0" string="1" key="complexity" fullmethod="&lt;init>()" method="&lt;init>()" class="PropertiesCache" package="com.aexp.cicdmainframe.hpuftintegration" /><diagnostic type="number" number="0.0" string="0" key="memory.ooms" /><diagnostic type="fraction" numerator="3" denominator="3" number="1.0" string="3/3 (100%)" key="coverage.final" fullmethod="&lt;init>()" method="&lt;init>()" class="PropertiesCache" package="com.aexp.cicdmainframe.hpuftintegration" /><diagnostic type="list" key="java.vmargs"><diagnostic type="string" string="-Xms128m" /><diagnostic type="string" string="-Xmx512m" /><diagnostic type="string" string="-Duser.language=en" /><diagnostic type="string" string="-Duser.country=US" /><diagnostic type="string" string="-Dagitar.test.gen.source.folder=test" /><diagnostic type="string" string="-Djava5.home=/opt/agitar/agitarOne/platforms/linux/x86_64/java/Sun/1.5" /><diagnostic type="string" string="-Dagitar.time.scaling.factor=1" /><diagnostic type="string" string="-Dagitar.job.md5=986cfcf819ebbf5857d8c94307e65fcc" /></diagnostic><diagnostic type="string" string="1.7.0_17" key="java.version" /><diagnostic type="string" string="1" key="timing.SaveAcovTime" /><diagnostic type="number" number="1.0" string="1" key="complexity" fullmethod="getProperty(java.lang.String param1)" method="getProperty(String)" class="PropertiesCache" package="com.aexp.cicdmainframe.hpuftintegration" /><diagnostic type="fraction" numerator="1" denominator="1" number="1.0" string="1/1 (100%)" key="coverage.final" fullmethod="containsKey(java.lang.String param1)" method="containsKey(String)" class="PropertiesCache" package="com.aexp.cicdmainframe.hpuftintegration" /><diagnostic type="fraction" numerator="1" denominator="1" number="1.0" string="1/1 (100%)" key="coverage.final" fullmethod="getProperty(java.lang.String param1)" method="getProperty(String)" class="PropertiesCache" package="com.aexp.cicdmainframe.hpuftintegration" /><diagnostic type="string" string="Agitar internal" key="helpers.unused.internal.classes" class="SetupHelper" package="com.agitar.lib" /><diagnostic type="number" number="1.0" string="1" key="agitated.classes" /><diagnostic type="number" number="1.0" string="1" key="complexity" fullmethod="containsKey(java.lang.String param1)" method="containsKey(String)" class="PropertiesCache" package="com.aexp.cicdmainframe.hpuftintegration" /><diagnostic type="string" string="0" key="timing.Cov%" /><diagnostic type="string" string="plugins/com.agitar.agitator_6.0.0.000016/lib/ext/com.agitar.enterprise5.jar" key="classpath.extension" /><diagnostic type="string" string="2" key="timing.AcovCount" /><diagnostic type="list" key="log.user"><diagnostic type="string" string="[INFO]    [12:28:15:424] Calling setup method(s) took 7 ms.&#10;" /><diagnostic type="string" string="[INFO]    [12:28:15:746] Calling setup method(s) took 18 ms.&#10;" /><diagnostic type="string" string="[STATUS]  [12:28:16:062] Agitating class com.aexp.cicdmainframe.hpuftintegration.PropertiesCache at Normal with limit of 60 secs.&#10;" /><diagnostic type="string" string="[STATUS]  [12:28:26:914] Class com.aexp.cicdmainframe.hpuftintegration.PropertiesCache  Outcome: WARNING Assertion: N/A&#10;" /><diagnostic type="string" string="[INFO]    [12:28:26:924] Calling shutdown method(s) took 8 ms.&#10;" /></diagnostic><diagnostic type="number" number="1.0" string="1" key="complexity" fullmethod="readPropertiesFile(java.lang.String param1)" method="readPropertiesFile(String)" class="PropertiesCache" package="com.aexp.cicdmainframe.hpuftintegration" /><diagnostic type="fraction" numerator="3" denominator="4" number="0.75" string="3/4 (75%)" key="coverage.final" fullmethod="readPropertiesFile(java.lang.String param1)" method="readPropertiesFile(String)" class="PropertiesCache" package="com.aexp.cicdmainframe.hpuftintegration" /><diagnostic type="string" string="agitar/config" key="config.path" /><diagnostic type="number" number="8.0" string="8" key="thread.count.initial" /><diagnostic type="fraction" numerator="12" denominator="12" number="1.0" string="12/12 (100%)" key="class.creation" class="Properties" package="java.util" /><diagnostic type="number" number="65.0" string="65" key="class.proximity" class="PropertiesCache$1" package="com.aexp.cicdmainframe.hpuftintegration" /><diagnostic type="number" number="334.0" string="334" key="memory.available.final" /><diagnostic type="fraction" numerator="458" denominator="458" number="1.0" string="458/458 (100%)" key="class.creation" class="PropertiesCache" package="com.aexp.cicdmainframe.hpuftintegration" /><diagnostic type="string" string="167" key="timing.Instrumentation" /><diagnostic type="fraction" numerator="7" denominator="7" number="1.0" string="7/7 (100%)" key="class.creation" class="Object" package="java.lang" /><diagnostic type="string" string="Agitar internal" key="helpers.unused.internal.classes" class="ScopedTestHelper" package="com.agitar.lib" /><diagnostic type="string" string="AgitarOne Version 6.0.0.000016 (Build date: Aug 05, 2013) [6.0.0.000016]" key="agitar.version" /><diagnostic type="number" number="4.0" string="4" key="complexity" fullmethod="loadProperties(java.lang.String param1)" method="loadProperties(String)" class="PropertiesCache" package="com.aexp.cicdmainframe.hpuftintegration" /><diagnostic type="fraction" numerator="11" denominator="14" number="0.7857142857142857" string="11/14 (78.57%)" key="coverage.final" fullmethod="loadProperties(java.lang.String param1)" method="loadProperties(String)" class="PropertiesCache" package="com.aexp.cicdmainframe.hpuftintegration" /><diagnostic type="string" string="3877" key="timing.Normal" /><diagnostic type="fraction" numerator="2" denominator="2" number="1.0" string="2/2 (100%)" key="coverage.final" fullmethod="setProperty(java.lang.String param1, java.lang.String param2)" method="setProperty(String, String)" class="PropertiesCache" package="com.aexp.cicdmainframe.hpuftintegration" /><diagnostic type="string" string="com.aexp.cicdmainframe.hpuftintegration.PropertiesCache" key="target.class.name" /><diagnostic type="number" number="1.0" string="1" key="complexity" fullmethod="setProperty(java.lang.String param1, java.lang.String param2)" method="setProperty(String, String)" class="PropertiesCache" package="com.aexp.cicdmainframe.hpuftintegration" /><diagnostic type="number" number="106.0" string="106" key="memory.free.final" /><diagnostic type="number" number="458.0" string="458" key="memory.max.final" /><diagnostic type="number" number="230.0" string="230" key="memory.total.final" /><diagnostic type="string" string="Linux" key="os.name" /><diagnostic type="fraction" numerator="1" denominator="1" number="1.0" string="1/1 (100%)" key="coverage.final" fullmethod="getAllPropertyNames()" method="getAllPropertyNames()" class="PropertiesCache" package="com.aexp.cicdmainframe.hpuftintegration" /><diagnostic type="string" string="2.6.18-194.el5" key="os.version" /><diagnostic type="list" key="classpath.agitar"><diagnostic type="string" string="plugins/com.agitar.agitator_6.0.0.000016/com.agitar.agitator.jar" /><diagnostic type="string" string="plugins/com.agitar.agitator_6.0.0.000016/com.agitar.knowledge.jar" /><diagnostic type="string" string="plugins/com.agitar.agitator_6.0.0.000016/com.agitar.tools.jar" /><diagnostic type="string" string="plugins/com.agitar.agitator_6.0.0.000016/lib/agitar-crimson.jar" /><diagnostic type="string" string="plugins/com.agitar.agitator_6.0.0.000016/lib/agitar-gnu-regexp-1.1.4.jar" /><diagnostic type="string" string="plugins/com.agitar.agitator_6.0.0.000016/lib/agitar-org.eclipse.jdt.core_3.6.0.jar" /><diagnostic type="string" string="plugins/com.agitar.agitator_6.0.0.000016/lib/agitator-lib.jar" /><diagnostic type="string" string="plugins/com.agitar.agitator_6.0.0.000016/lib/antlr-2.7.5H3.jar" /><diagnostic type="string" string="plugins/com.agitar.agitator_6.0.0.000016/lib/checkstyle-5.6-all.jar" /><diagnostic type="string" string="plugins/com.agitar.agitator_6.0.0.000016/lib/commons-beanutils-core.jar" /><diagnostic type="string" string="plugins/com.agitar.agitator_6.0.0.000016/lib/commons-beanutils.jar" /><diagnostic type="string" string="plugins/com.agitar.agitator_6.0.0.000016/lib/commons-collections.jar" /><diagnostic type="string" string="plugins/com.agitar.agitator_6.0.0.000016/lib/fast-md5.jar" /><diagnostic type="string" string="plugins/com.agitar.agitator_6.0.0.000016/lib/isorelax.jar" /><diagnostic type="string" string="plugins/com.agitar.agitator_6.0.0.000016/lib/lucene-1.5-rc1-dev.jar" /><diagnostic type="string" string="plugins/com.agitar.agitator_6.0.0.000016/lib/msv.jar" /><diagnostic type="string" string="plugins/com.agitar.agitator_6.0.0.000016/lib/relaxngDatatype.jar" /><diagnostic type="string" string="plugins/com.agitar.agitator_6.0.0.000016/lib/xmlgen.jar" /><diagnostic type="string" string="plugins/com.agitar.agitator_6.0.0.000016/lib/xsdlib.jar" /><diagnostic type="string" string="plugins/com.agitar.agitator_6.0.0.000016/lib/xstream-1.2.2.jar" /><diagnostic type="string" string="plugins/com.agitar.eclipse.coverage_6.0.0.000016/com.agitar.asm.jar" /><diagnostic type="string" string="plugins/com.agitar.eclipse.coverage_6.0.0.000016/com.agitar.check.jar" /><diagnostic type="string" string="plugins/com.agitar.eclipse.coverage_6.0.0.000016/com.agitar.common.jar" /><diagnostic type="string" string="plugins/com.agitar.eclipse.coverage_6.0.0.000016/com.agitar.coverage.jar" /><diagnostic type="string" string="plugins/com.agitar.eclipse.coverage_6.0.0.000016/com.agitar.eclipse.core.jar" /><diagnostic type="string" string="plugins/com.agitar.eclipse.coverage_6.0.0.000016/com.agitar.eclipse.coverage.jar" /><diagnostic type="string" string="plugins/com.agitar.eclipse.coverage_6.0.0.000016/com.agitar.eclipse.project.mock.jar" /><diagnostic type="string" string="plugins/com.agitar.eclipse.coverage_6.0.0.000016/lib/commons-cli-1.0.jar" /><diagnostic type="string" string="plugins/com.agitar.eclipse.coverage_6.0.0.000016/lib/commons-codec-1.3.jar" /><diagnostic type="string" string="plugins/com.agitar.eclipse.coverage_6.0.0.000016/lib/commons-httpclient-3.1.jar" /><diagnostic type="string" string="plugins/com.agitar.eclipse.coverage_6.0.0.000016/lib/commons-logging.jar" /><diagnostic type="string" string="plugins/com.agitar.eclipse.coverage_6.0.0.000016/lib/ezlicgen30.jar" /><diagnostic type="string" string="plugins/com.agitar.eclipse.coverage_6.0.0.000016/lib/ezlicrun30.jar" /><diagnostic type="string" string="plugins/com.agitar.eclipse.coverage_6.0.0.000016/lib/hsqldb.jar" /><diagnostic type="string" string="plugins/com.agitar.eclipse.coverage_6.0.0.000016/lib/ils10.jar" /><diagnostic type="string" string="plugins/com.agitar.eclipse.coverage_6.0.0.000016/lib/ilsadmin10.jar" /><diagnostic type="string" string="plugins/com.agitar.eclipse.coverage_6.0.0.000016/lib/ilsclient10.jar" /><diagnostic type="string" string="plugins/com.agitar.eclipse.coverage_6.0.0.000016/lib/ilscrypt10.jar" /><diagnostic type="string" string="plugins/com.agitar.eclipse.coverage_6.0.0.000016/lib/ilsdb10.jar" /><diagnostic type="string" string="plugins/com.agitar.eclipse.coverage_6.0.0.000016/lib/jvmdetector.jar" /><diagnostic type="string" string="plugins/com.agitar.eclipse.coverage_6.0.0.000016/lib/wdortl20.jar" /><diagnostic type="string" string="plugins/com.agitar.eclipse.coverage_6.0.0.000016/lib/xpp3-1.1.4c.jar" /><diagnostic type="string" string="plugins/com.agitar.eclipse.api_6.0.0.000016/com.agitar.eclipse.api.jar" /><diagnostic type="string" string="plugins/com.agitar.eclipse.api_6.0.0.000016/com.agitar.mockingbird.jar" /><diagnostic type="string" string="plugins/com.agitar.eclipse.api_6.0.0.000016/com.agitar.testrunner.jar" /><diagnostic type="string" string="plugins/com.agitar.eclipse.api_6.0.0.000016/lib/ant-junit.jar" /><diagnostic type="string" string="plugins/com.agitar.eclipse.api_6.0.0.000016/lib/ant-launcher.jar" /><diagnostic type="string" string="plugins/com.agitar.eclipse.api_6.0.0.000016/lib/ant.jar" /><diagnostic type="string" string="plugins/com.agitar.eclipse.api_6.0.0.000016/lib/junit.jar" /><diagnostic type="string" string="plugins/com.agitar.eclipse.api_6.0.0.000016/lib/xalan.jar" /><diagnostic type="string" string="../../../platforms/linux/x86_64/eclipse/plugins/org.junit_4.10.0.v4_10_0_v20120426-0900/junit.jar" /></diagnostic><diagnostic type="number" number="1.0" string="1" key="complexity" fullmethod="getAllPropertyNames()" method="getAllPropertyNames()" class="PropertiesCache" package="com.aexp.cicdmainframe.hpuftintegration" /><diagnostic type="fraction" numerator="26" denominator="30" number="0.8666666666666667" string="26/30 (86.67%)" key="coverage.final" class="PropertiesCache" package="com.aexp.cicdmainframe.hpuftintegration" /><diagnostic type="number" number="12.0" string="12" key="complexity" class="PropertiesCache" package="com.aexp.cicdmainframe.hpuftintegration" /><diagnostic type="number" number="6.0" string="6" key="thread.count.final" /><diagnostic type="string" string="270" key="timing.Loading" /><diagnostic type="number" number="124.0" string="124" key="memory.used.final" /><diagnostic type="string" string="Oracle Corporation" key="java.vendor" /><diagnostic type="fraction" numerator="4" denominator="4" number="1.0" string="4/4 (100%)" key="coverage.final" fullmethod="getInstance()" method="getInstance()" class="PropertiesCache" package="com.aexp.cicdmainframe.hpuftintegration" /><diagnostic type="list" key="classpath.expert"><diagnostic type="string" string="plugins/com.agitar.experts.struts_6.0.0.000016/com.agitar.experts.struts.jar" /><diagnostic type="string" string="plugins/com.agitar.experts.hibernate_6.0.0.000016/com.agitar.experts.hibernate.jar" /><diagnostic type="string" string="plugins/com.agitar.experts.spring_6.0.0.000016/com.agitar.experts.spring.jar" /><diagnostic type="string" string="plugins/com.agitar.experts.j2ee_6.0.0.000016/com.agitar.experts.j2ee.jar" /><diagnostic type="string" string="plugins/com.agitar.experts.jsf_6.0.0.000016/com.agitar.experts.jsf.jar" /></diagnostic><diagnostic type="string" string="3032" key="timing.Exception" /><diagnostic type="number" number="2.0" string="2" key="complexity" fullmethod="getInstance()" method="getInstance()" class="PropertiesCache" package="com.aexp.cicdmainframe.hpuftintegration" /></diagnostics></report>