<report date="Sun Feb 19 18:36:19 PST 2017"><problems><problem id="3888" severity="700" message="problem.missing.class" class="com.aexp.cicdmainframe.hpuftintegration.StartRunProcedure">There was a class (com.sun.jersey.api.json.JSONWithPadding) that could not be found on the classpath.<diagnostic type="string" string="com.sun.jersey.api.json.JSONWithPadding" /></problem><problem id="3889" severity="500" message="problem.security.violation">AgitarOne's security manager blocked a requested permission for your code. NetPermission "getCookieHandler" was denied to com.sun.jersey.client.urlconnection.URLConnectionClientHandler._invoke() line 163, using security settings associated with "com.aexp.cicdmainframe.hpuftintegration.bvssuite.StartRunProcedureResponse com.aexp.cicdmainframe.hpuftintegration.StartRunProcedure.doStartRunProcedure(java.lang.String param1, java.lang.String param2, java.lang.String param3)"..<diagnostic type="string" string="NetPermission &quot;getCookieHandler&quot; was denied to com.sun.jersey.client.urlconnection.URLConnectionClientHandler._invoke() line 163, using security settings associated with &quot;com.aexp.cicdmainframe.hpuftintegration.bvssuite.StartRunProcedureResponse com.aexp.cicdmainframe.hpuftintegration.StartRunProcedure.doStartRunProcedure(java.lang.String param1, java.lang.String param2, java.lang.String param3)&quot;." /></problem><problem id="3887" severity="432" message="problem.low.coverage" class="com.aexp.cicdmainframe.hpuftintegration.StartRunProcedure">There were lines and conditions in StartRunProcedure that AgitarOne could not exercise. 61.8% of the class could not be covered.<diagnostic type="number" number="0.618421052631579" string="0.62" /></problem></problems><solutions><solution rating="3" problemid="3888" message="solution.check.classpath">Please check your classpath and add the appropriate JAR file to your libraries.</solution><solution rating="3" problemid="3889" message="solution.add.permission.setup" method="_invoke()" class="com.sun.jersey.client.urlconnection.URLConnectionClientHandler">Add this permission to URLConnectionClientHandler by creating a SetupHelper add calling AgitarTestUtility.addPermission() from the setUpTestCase() method.<diagnostic type="string" string="NetPermission &quot;getCookieHandler&quot; was denied to com.sun.jersey.client.urlconnection.URLConnectionClientHandler._invoke() line 163, using security settings associated with &quot;com.aexp.cicdmainframe.hpuftintegration.bvssuite.StartRunProcedureResponse com.aexp.cicdmainframe.hpuftintegration.StartRunProcedure.doStartRunProcedure(java.lang.String param1, java.lang.String param2, java.lang.String param3)&quot;." /></solution><solution rating="3" problemid="3889" message="solution.add.permission" method="_invoke()" class="com.sun.jersey.client.urlconnection.URLConnectionClientHandler">Add this permission to URLConnectionClientHandler using the Class Properties dialog.<diagnostic type="string" string="NetPermission &quot;getCookieHandler&quot; was denied to com.sun.jersey.client.urlconnection.URLConnectionClientHandler._invoke() line 163, using security settings associated with &quot;com.aexp.cicdmainframe.hpuftintegration.bvssuite.StartRunProcedureResponse com.aexp.cicdmainframe.hpuftintegration.StartRunProcedure.doStartRunProcedure(java.lang.String param1, java.lang.String param2, java.lang.String param3)&quot;." /></solution><solution rating="2" problemid="3889" message="solution.mock.security" method="_invoke()" class="com.sun.jersey.client.urlconnection.URLConnectionClientHandler">Mock _invoke() so that it does not require this permission.<diagnostic type="string" string="NetPermission &quot;getCookieHandler&quot; was denied to com.sun.jersey.client.urlconnection.URLConnectionClientHandler._invoke() line 163, using security settings associated with &quot;com.aexp.cicdmainframe.hpuftintegration.bvssuite.StartRunProcedureResponse com.aexp.cicdmainframe.hpuftintegration.StartRunProcedure.doStartRunProcedure(java.lang.String param1, java.lang.String param2, java.lang.String param3)&quot;." /></solution><solution rating="3" problemid="3887" message="solution.datahelper.state" class="com.aexp.cicdmainframe.hpuftintegration.StartRunProcedure">Write a test data helper that creates parameters that StartRunProcedure needs. Create the parameters in the states needed to reach the uncovered sections.</solution></solutions><diagnostics><diagnostic type="list" key="classpath.library"><diagnostic type="string" string="lib/log4j-1.2.16.jar" /><diagnostic type="string" string="lib/jersey-client-2.25.jar" /><diagnostic type="string" string="lib/jersey-common-2.25.jar" /><diagnostic type="string" string="lib/junit-4.11.jar" /><diagnostic type="string" string="lib/jersey-bundle-1.19.1.jar" /><diagnostic type="string" string="397b70e312007dc1a804702498bb25a5/jersey-client-1.19.3.jar" /><diagnostic type="string" string="9d72a569b9ccb71e95c1e889cd08a1f2/com.agitar.mockingbird.jar" /><diagnostic type="string" string="2686f545a2ce8141a152d83a264ecdb2/org.agitar.mock5.jar" /></diagnostic><diagnostic type="number" number="30.0" string="30" key="class.proximity" class="InBoundHeaders" package="com.sun.jersey.core.header" /><diagnostic type="number" number="30.0" string="30" key="class.proximity" class="Unmarshaller$Listener" package="javax.xml.bind" /><diagnostic type="string" string="5952" key="timing.Boundary" /><diagnostic type="string" string="2309" key="timing.Analysis" /><diagnostic type="number" number="30.0" string="30" key="class.proximity" class="KeyManagerFactory" package="javax.net.ssl" /><diagnostic type="number" number="30.0" string="30" key="class.proximity" class="MessageBodyReader" package="javax.ws.rs.ext" /><diagnostic type="fraction" numerator="1" denominator="1" number="1.0" string="1/1 (100%)" key="coverage.final" fullmethod="&lt;init>()" method="&lt;init>()" class="StartRunProcedure" package="com.aexp.cicdmainframe.hpuftintegration" /><diagnostic type="number" number="30.0" string="30" key="class.proximity" class="WebResourceLinkHeaders" package="com.sun.jersey.api.client" /><diagnostic type="number" number="30.0" string="30" key="class.proximity" class="SSLContext" package="javax.net.ssl" /><diagnostic type="number" number="30.0" string="30" key="class.proximity" class="Field" package="com.aexp.cicdmainframe.hpuftintegration.bvssuite" /><diagnostic type="number" number="30.0" string="30" key="class.proximity" class="SSLSocketFactory" package="javax.net.ssl" /><diagnostic type="list" key="java.vmargs"><diagnostic type="string" string="-Xms128m" /><diagnostic type="string" string="-Xmx512m" /><diagnostic type="string" string="-Duser.language=en" /><diagnostic type="string" string="-Duser.country=US" /><diagnostic type="string" string="-Dagitar.test.gen.source.folder=test" /><diagnostic type="string" string="-Djava5.home=/opt/agitar/agitarOne/platforms/linux/x86_64/java/Sun/1.5" /><diagnostic type="string" string="-Dagitar.time.scaling.factor=1" /><diagnostic type="string" string="-Dagitar.job.md5=4cfc78690151adb841bf6335954c2f87" /></diagnostic><diagnostic type="fraction" numerator="149" denominator="149" number="1.0" string="149/149 (100%)" key="class.creation" class="StartRunProcedure" package="com.aexp.cicdmainframe.hpuftintegration" /><diagnostic type="number" number="30.0" string="30" key="class.proximity" class="UniformInterfaceException" package="com.sun.jersey.api.client" /><diagnostic type="number" number="30.0" string="30" key="class.proximity" class="ClientResponse$Status" package="com.sun.jersey.api.client" /><diagnostic type="number" number="30.0" string="30" key="class.proximity" class="WebResource" package="com.sun.jersey.api.client" /><diagnostic type="number" number="65.0" string="65" key="class.proximity" class="StreamSource" package="javax.xml.transform.stream" /><diagnostic type="number" number="1.0" string="1" key="agitated.classes" /><diagnostic type="string" string="Agitar internal" key="helpers.unused.internal.classes" class="SetupHelper" package="com.agitar.lib" /><diagnostic type="string" string="100" key="timing.Cov%" /><diagnostic type="number" number="30.0" string="30" key="class.proximity" class="Client" package="com.sun.jersey.api.client" /><diagnostic type="string" string="plugins/com.agitar.agitator_6.0.0.000016/lib/ext/com.agitar.enterprise5.jar" key="classpath.extension" /><diagnostic type="number" number="65.0" string="65" key="class.proximity" class="ClientResponse" package="com.sun.jersey.api.client" /><diagnostic type="string" string="NetPermission &quot;getCookieHandler&quot; was denied to com.sun.jersey.client.urlconnection.URLConnectionClientHandler._invoke() line 163, using security settings associated with &quot;com.aexp.cicdmainframe.hpuftintegration.bvssuite.StartRunProcedureResponse com.aexp.cicdmainframe.hpuftintegration.StartRunProcedure.doStartRunProcedure(java.lang.String param1, java.lang.String param2, java.lang.String param3)&quot;." key="security.violations" fullmethod="_invoke()" method="_invoke()" class="URLConnectionClientHandler" package="com.sun.jersey.client.urlconnection" /><diagnostic type="number" number="30.0" string="30" key="class.proximity" class="ClientRequest" package="com.sun.jersey.api.client" /><diagnostic type="number" number="30.0" string="30" key="class.proximity" class="GenericType" package="com.sun.jersey.api.client" /><diagnostic type="fraction" numerator="58" denominator="152" number="0.3815789473684211" string="58/152 (38.16%)" key="coverage.final" class="StartRunProcedure" package="com.aexp.cicdmainframe.hpuftintegration" /><diagnostic type="number" number="30.0" string="30" key="class.proximity" class="Source" package="javax.xml.transform" /><diagnostic type="number" number="6.0" string="6" key="complexity" fullmethod="doStartRunProcedure(java.lang.String param1, java.lang.String param2, java.lang.String param3)" method="doStartRunProcedure(String, String, String)" class="StartRunProcedure" package="com.aexp.cicdmainframe.hpuftintegration" /><diagnostic type="number" number="30.0" string="30" key="class.proximity" class="ClientRequestImpl" package="com.sun.jersey.client.impl" /><diagnostic type="string" string="agitar/config" key="config.path" /><diagnostic type="number" number="65.0" string="65" key="class.proximity" class="JAXBContext" package="javax.xml.bind" /><diagnostic type="number" number="8.0" string="8" key="thread.count.initial" /><diagnostic type="number" number="30.0" string="30" key="class.proximity" class="JAXBException" package="javax.xml.bind" /><diagnostic type="fraction" numerator="133" denominator="189" number="0.7037037037037037" string="133/189 (70.37%)" key="class.creation" class="Reader" package="java.io" /><diagnostic type="number" number="65.0" string="65" key="class.proximity" class="String[]" package="java.lang" /><diagnostic type="number" number="65.0" string="65" key="class.proximity" class="AuthenticationDetails" package="com.aexp.cicdmainframe.hpuftintegration.authetication" /><diagnostic type="fraction" numerator="2" denominator="2" number="1.0" string="2/2 (100%)" key="class.creation" class="File" package="java.io" /><diagnostic type="number" number="30.0" string="30" key="class.proximity" class="byte[]" package="" /><diagnostic type="number" number="30.0" string="30" key="class.proximity" class="Entity" package="com.aexp.cicdmainframe.hpuftintegration.bvssuite" /><diagnostic type="number" number="30.0" string="30" key="class.proximity" class="Logger" package="org.apache.log4j" /><diagnostic type="number" number="30.0" string="30" key="class.proximity" class="MessageBodyWorkers" package="com.sun.jersey.spi" /><diagnostic type="number" number="299.0" string="299" key="memory.available.final" /><diagnostic type="number" number="65.0" string="65" key="class.proximity" class="HPUFTIntegrationBase" package="com.aexp.cicdmainframe.hpuftintegration" /><diagnostic type="number" number="30.0" string="30" key="class.proximity" class="JAXBElement$GlobalScope" package="javax.xml.bind" /><diagnostic type="number" number="65.0" string="65" key="class.proximity" class="Unmarshaller" package="javax.xml.bind" /><diagnostic type="string" string="2358" key="timing.Instrumentation" /><diagnostic type="fraction" numerator="29" denominator="43" number="0.6744186046511628" string="29/43 (67.44%)" key="coverage.final" fullmethod="execute(java.util.Properties param1, java.util.Properties param2)" method="execute(Properties, Properties)" class="StartRunProcedure" package="com.aexp.cicdmainframe.hpuftintegration" /><diagnostic type="number" number="30.0" string="30" key="class.proximity" class="RuntimeDelegate" package="javax.ws.rs.ext" /><diagnostic type="number" number="7.0" string="7" key="complexity" fullmethod="getBvsRunIdFromStartRunProcedureResponse(com.aexp.cicdmainframe.hpuftintegration.bvssuite.StartRunProcedureResponse param1)" method="getBvsRunIdFromStartRunProcedureResponse(StartRunProcedureResponse)" class="StartRunProcedure" package="com.aexp.cicdmainframe.hpuftintegration" /><diagnostic type="error" log-message="com.sun.jersey.api.json.JSONWithPadding" exception-class="java.lang.NoClassDefFoundError" exception-message="org/codehaus/jackson/map/JsonSerializableWithType" string="com.sun.jersey.api.json.JSONWithPadding (NoClassDefFoundError: &quot;org/codehaus/jackson/map/JsonSerializableWithType&quot; at ClassLoader.defineClass1() at ClassLoader.defineClass(), caused by ClassNotFoundException: &quot;org.codehaus.jackson.map.JsonSerializableWithType&quot; at AgClassLoader.findClass() line 515 at AgClassLoader.loadClass() line 125)" key="class.def.not.found" class="JSONWithPadding" package="com.sun.jersey.api.json"><trace class="java.lang.ClassLoader" method="defineClass1" /><trace class="java.lang.ClassLoader" method="defineClass" /><trace class="com.agitar.agitator.AgClassLoader" method="findClass" line="482" /><trace class="com.agitar.agitator.AgClassLoader" method="loadClass" line="125" /><trace class="java.lang.ClassLoader" method="loadClass" /><trace class="java.lang.Class" method="getDeclaredMethods0" /><trace class="java.lang.Class" method="privateGetDeclaredMethods" /><trace class="java.lang.Class" method="getDeclaredMethods" /><trace class="com.sun.jersey.core.reflection.MethodList" method="getAllDeclaredMethods" line="70" /><trace class="com.sun.jersey.core.reflection.MethodList" method="&lt;init>" line="64" /><trace class="com.sun.jersey.core.spi.component.ComponentConstructor" method="getPostConstructMethods" line="132" /><trace class="com.sun.jersey.core.spi.component.ComponentConstructor" method="&lt;init>" line="124" /><trace class="com.sun.jersey.core.spi.component.ProviderFactory" method="__getComponentProvider" line="165" /><trace class="com.sun.jersey.core.spi.component.ProviderFactory" method="getComponentProvider" line="137" /><trace class="com.sun.jersey.core.spi.component.ProviderServices" method="getComponent" line="283" /><trace class="com.sun.jersey.core.spi.component.ProviderServices" method="getServices" line="163" /><trace class="com.sun.jersey.core.spi.factory.MessageBodyFactory" method="initWriters" line="207" /><trace class="com.sun.jersey.core.spi.factory.MessageBodyFactory" method="init" line="163" /><trace class="com.sun.jersey.api.client.Client" method="init" line="343" /><trace class="com.sun.jersey.api.client.Client" method="access$000" line="119" /><trace class="com.sun.jersey.api.client.Client$1" method="f" line="192" /><trace class="com.sun.jersey.api.client.Client$1" method="f" line="188" /><trace class="com.sun.jersey.spi.inject.Errors" method="processWithErrors" line="193" /><trace class="com.sun.jersey.api.client.Client" method="&lt;init>" line="188" /><trace class="com.sun.jersey.api.client.Client" method="&lt;init>" line="171" /><trace class="com.sun.jersey.api.client.Client" method="create" line="683" /><trace class="com.aexp.cicdmainframe.hpuftintegration.StartRunProcedure" method="doStartRunProcedure" line="164" /><trace class="sun.reflect.GeneratedMethodAccessor51" method="invoke" /><trace class="sun.reflect.DelegatingMethodAccessorImpl" method="invoke" /><trace class="java.lang.reflect.Method" method="invoke" /><trace class="com.agitar.cfile.zc" method="a" line="832" /><trace class="com.agitar.cfile.bd" method="a" line="101" /><trace class="com.agitar.test.db" method="a" line="225" /><trace class="com.agitar.agitator.u" method="a" line="291" /><trace class="com.agitar.agitator.u" method="a" line="267" /><trace class="com.agitar.cfile.be" method="a" line="252" /><trace class="com.agitar.agitator.k" method="a" line="93" /><trace class="com.agitar.agitator.k" method="a" line="64" /><trace class="com.agitar.cfile.v" method="a" line="759" /><trace class="com.agitar.cfile.v" method="c" line="569" /><trace class="com.agitar.agitator.k" method="a" line="486" /><trace class="com.agitar.agitator.u" method="a" line="1906" /><trace class="com.agitar.agitator.u" method="q" line="1605" /><trace class="com.agitar.agitator.sd" method="run" line="25" /><diagnostic type="error" exception-class="java.lang.ClassNotFoundException" exception-message="org.codehaus.jackson.map.JsonSerializableWithType" string="ClassNotFoundException: &quot;org.codehaus.jackson.map.JsonSerializableWithType&quot; at AgClassLoader.findClass() line 515 at AgClassLoader.loadClass() line 125"><trace class="com.agitar.agitator.AgClassLoader" method="findClass" line="515" /><trace class="com.agitar.agitator.AgClassLoader" method="loadClass" line="125" /><trace class="java.lang.ClassLoader" method="loadClass" /><trace class="java.lang.ClassLoader" method="defineClass1" /><trace class="java.lang.ClassLoader" method="defineClass" /><trace class="com.agitar.agitator.AgClassLoader" method="findClass" line="482" /><trace class="com.agitar.agitator.AgClassLoader" method="loadClass" line="125" /><trace class="java.lang.ClassLoader" method="loadClass" /><trace class="java.lang.Class" method="getDeclaredMethods0" /><trace class="java.lang.Class" method="privateGetDeclaredMethods" /><trace class="java.lang.Class" method="getDeclaredMethods" /><trace class="com.sun.jersey.core.reflection.MethodList" method="getAllDeclaredMethods" line="70" /><trace class="com.sun.jersey.core.reflection.MethodList" method="&lt;init>" line="64" /><trace class="com.sun.jersey.core.spi.component.ComponentConstructor" method="getPostConstructMethods" line="132" /><trace class="com.sun.jersey.core.spi.component.ComponentConstructor" method="&lt;init>" line="124" /><trace class="com.sun.jersey.core.spi.component.ProviderFactory" method="__getComponentProvider" line="165" /><trace class="com.sun.jersey.core.spi.component.ProviderFactory" method="getComponentProvider" line="137" /><trace class="com.sun.jersey.core.spi.component.ProviderServices" method="getComponent" line="283" /><trace class="com.sun.jersey.core.spi.component.ProviderServices" method="getServices" line="163" /><trace class="com.sun.jersey.core.spi.factory.MessageBodyFactory" method="initWriters" line="207" /><trace class="com.sun.jersey.core.spi.factory.MessageBodyFactory" method="init" line="163" /><trace class="com.sun.jersey.api.client.Client" method="init" line="343" /><trace class="com.sun.jersey.api.client.Client" method="access$000" line="119" /><trace class="com.sun.jersey.api.client.Client$1" method="f" line="192" /><trace class="com.sun.jersey.api.client.Client$1" method="f" line="188" /><trace class="com.sun.jersey.spi.inject.Errors" method="processWithErrors" line="193" /><trace class="com.sun.jersey.api.client.Client" method="&lt;init>" line="188" /><trace class="com.sun.jersey.api.client.Client" method="&lt;init>" line="171" /><trace class="com.sun.jersey.api.client.Client" method="create" line="683" /><trace class="com.aexp.cicdmainframe.hpuftintegration.StartRunProcedure" method="doStartRunProcedure" line="164" /><trace class="sun.reflect.GeneratedMethodAccessor51" method="invoke" /><trace class="sun.reflect.DelegatingMethodAccessorImpl" method="invoke" /><trace class="java.lang.reflect.Method" method="invoke" /><trace class="com.agitar.cfile.zc" method="a" line="832" /><trace class="com.agitar.cfile.bd" method="a" line="101" /><trace class="com.agitar.test.db" method="a" line="225" /><trace class="com.agitar.agitator.u" method="a" line="291" /><trace class="com.agitar.agitator.u" method="a" line="267" /><trace class="com.agitar.cfile.be" method="a" line="252" /><trace class="com.agitar.agitator.k" method="a" line="93" /><trace class="com.agitar.agitator.k" method="a" line="64" /><trace class="com.agitar.cfile.v" method="a" line="759" /><trace class="com.agitar.cfile.v" method="c" line="569" /><trace class="com.agitar.agitator.k" method="a" line="486" /><trace class="com.agitar.agitator.u" method="a" line="1906" /><trace class="com.agitar.agitator.u" method="q" line="1605" /><trace class="com.agitar.agitator.sd" method="run" line="25" /></diagnostic></diagnostic><diagnostic type="string" string="40726" key="timing.Normal" /><diagnostic type="number" number="65.0" string="65" key="class.proximity" class="StartRunProcedureResponse" package="com.aexp.cicdmainframe.hpuftintegration.bvssuite" /><diagnostic type="fraction" numerator="0" denominator="32" number="0.0" string="0/32 (0%)" key="coverage.final" fullmethod="main(java.lang.String[] param1)" method="main(String[])" class="StartRunProcedure" package="com.aexp.cicdmainframe.hpuftintegration" /><diagnostic type="number" number="39.0" string="39" key="memory.free.final" /><diagnostic type="string" string="Linux" key="os.name" /><diagnostic type="number" number="65.0" string="65" key="class.proximity" class="HostnameVerifier" package="javax.net.ssl" /><diagnostic type="string" string="2.6.18-194.el5" key="os.version" /><diagnostic type="number" number="65.0" string="65" key="class.proximity" class="DefaultClientConfig" package="com.sun.jersey.api.client.config" /><diagnostic type="number" number="65.0" string="65" key="class.proximity" class="HPUFTIntegrationException" package="com.aexp.cicdmainframe.hpuftintegration.exception" /><diagnostic type="number" number="30.0" string="30" key="class.proximity" class="ClientHandler" package="com.sun.jersey.api.client" /><diagnostic type="list" key="classpath.agitar"><diagnostic type="string" string="plugins/com.agitar.agitator_6.0.0.000016/com.agitar.agitator.jar" /><diagnostic type="string" string="plugins/com.agitar.agitator_6.0.0.000016/com.agitar.knowledge.jar" /><diagnostic type="string" string="plugins/com.agitar.agitator_6.0.0.000016/com.agitar.tools.jar" /><diagnostic type="string" string="plugins/com.agitar.agitator_6.0.0.000016/lib/agitar-crimson.jar" /><diagnostic type="string" string="plugins/com.agitar.agitator_6.0.0.000016/lib/agitar-gnu-regexp-1.1.4.jar" /><diagnostic type="string" string="plugins/com.agitar.agitator_6.0.0.000016/lib/agitar-org.eclipse.jdt.core_3.6.0.jar" /><diagnostic type="string" string="plugins/com.agitar.agitator_6.0.0.000016/lib/agitator-lib.jar" /><diagnostic type="string" string="plugins/com.agitar.agitator_6.0.0.000016/lib/antlr-2.7.5H3.jar" /><diagnostic type="string" string="plugins/com.agitar.agitator_6.0.0.000016/lib/checkstyle-5.6-all.jar" /><diagnostic type="string" string="plugins/com.agitar.agitator_6.0.0.000016/lib/commons-beanutils-core.jar" /><diagnostic type="string" string="plugins/com.agitar.agitator_6.0.0.000016/lib/commons-beanutils.jar" /><diagnostic type="string" string="plugins/com.agitar.agitator_6.0.0.000016/lib/commons-collections.jar" /><diagnostic type="string" string="plugins/com.agitar.agitator_6.0.0.000016/lib/fast-md5.jar" /><diagnostic type="string" string="plugins/com.agitar.agitator_6.0.0.000016/lib/isorelax.jar" /><diagnostic type="string" string="plugins/com.agitar.agitator_6.0.0.000016/lib/lucene-1.5-rc1-dev.jar" /><diagnostic type="string" string="plugins/com.agitar.agitator_6.0.0.000016/lib/msv.jar" /><diagnostic type="string" string="plugins/com.agitar.agitator_6.0.0.000016/lib/relaxngDatatype.jar" /><diagnostic type="string" string="plugins/com.agitar.agitator_6.0.0.000016/lib/xmlgen.jar" /><diagnostic type="string" string="plugins/com.agitar.agitator_6.0.0.000016/lib/xsdlib.jar" /><diagnostic type="string" string="plugins/com.agitar.agitator_6.0.0.000016/lib/xstream-1.2.2.jar" /><diagnostic type="string" string="plugins/com.agitar.eclipse.coverage_6.0.0.000016/com.agitar.asm.jar" /><diagnostic type="string" string="plugins/com.agitar.eclipse.coverage_6.0.0.000016/com.agitar.check.jar" /><diagnostic type="string" string="plugins/com.agitar.eclipse.coverage_6.0.0.000016/com.agitar.common.jar" /><diagnostic type="string" string="plugins/com.agitar.eclipse.coverage_6.0.0.000016/com.agitar.coverage.jar" /><diagnostic type="string" string="plugins/com.agitar.eclipse.coverage_6.0.0.000016/com.agitar.eclipse.core.jar" /><diagnostic type="string" string="plugins/com.agitar.eclipse.coverage_6.0.0.000016/com.agitar.eclipse.coverage.jar" /><diagnostic type="string" string="plugins/com.agitar.eclipse.coverage_6.0.0.000016/com.agitar.eclipse.project.mock.jar" /><diagnostic type="string" string="plugins/com.agitar.eclipse.coverage_6.0.0.000016/lib/commons-cli-1.0.jar" /><diagnostic type="string" string="plugins/com.agitar.eclipse.coverage_6.0.0.000016/lib/commons-codec-1.3.jar" /><diagnostic type="string" string="plugins/com.agitar.eclipse.coverage_6.0.0.000016/lib/commons-httpclient-3.1.jar" /><diagnostic type="string" string="plugins/com.agitar.eclipse.coverage_6.0.0.000016/lib/commons-logging.jar" /><diagnostic type="string" string="plugins/com.agitar.eclipse.coverage_6.0.0.000016/lib/ezlicgen30.jar" /><diagnostic type="string" string="plugins/com.agitar.eclipse.coverage_6.0.0.000016/lib/ezlicrun30.jar" /><diagnostic type="string" string="plugins/com.agitar.eclipse.coverage_6.0.0.000016/lib/hsqldb.jar" /><diagnostic type="string" string="plugins/com.agitar.eclipse.coverage_6.0.0.000016/lib/ils10.jar" /><diagnostic type="string" string="plugins/com.agitar.eclipse.coverage_6.0.0.000016/lib/ilsadmin10.jar" /><diagnostic type="string" string="plugins/com.agitar.eclipse.coverage_6.0.0.000016/lib/ilsclient10.jar" /><diagnostic type="string" string="plugins/com.agitar.eclipse.coverage_6.0.0.000016/lib/ilscrypt10.jar" /><diagnostic type="string" string="plugins/com.agitar.eclipse.coverage_6.0.0.000016/lib/ilsdb10.jar" /><diagnostic type="string" string="plugins/com.agitar.eclipse.coverage_6.0.0.000016/lib/jvmdetector.jar" /><diagnostic type="string" string="plugins/com.agitar.eclipse.coverage_6.0.0.000016/lib/wdortl20.jar" /><diagnostic type="string" string="plugins/com.agitar.eclipse.coverage_6.0.0.000016/lib/xpp3-1.1.4c.jar" /><diagnostic type="string" string="plugins/com.agitar.eclipse.api_6.0.0.000016/com.agitar.eclipse.api.jar" /><diagnostic type="string" string="plugins/com.agitar.eclipse.api_6.0.0.000016/com.agitar.mockingbird.jar" /><diagnostic type="string" string="plugins/com.agitar.eclipse.api_6.0.0.000016/com.agitar.testrunner.jar" /><diagnostic type="string" string="plugins/com.agitar.eclipse.api_6.0.0.000016/lib/ant-junit.jar" /><diagnostic type="string" string="plugins/com.agitar.eclipse.api_6.0.0.000016/lib/ant-launcher.jar" /><diagnostic type="string" string="plugins/com.agitar.eclipse.api_6.0.0.000016/lib/ant.jar" /><diagnostic type="string" string="plugins/com.agitar.eclipse.api_6.0.0.000016/lib/junit.jar" /><diagnostic type="string" string="plugins/com.agitar.eclipse.api_6.0.0.000016/lib/xalan.jar" /><diagnostic type="string" string="../../../platforms/linux/x86_64/eclipse/plugins/org.junit_4.10.0.v4_10_0_v20120426-0900/junit.jar" /></diagnostic><diagnostic type="number" number="65.0" string="65" key="class.proximity" class="WebResource$Builder" package="com.sun.jersey.api.client" /><diagnostic type="number" number="159.0" string="159" key="memory.used.final" /><diagnostic type="string" string="Oracle Corporation" key="java.vendor" /><diagnostic type="list" key="classpath.expert"><diagnostic type="string" string="plugins/com.agitar.experts.struts_6.0.0.000016/com.agitar.experts.struts.jar" /><diagnostic type="string" string="plugins/com.agitar.experts.hibernate_6.0.0.000016/com.agitar.experts.hibernate.jar" /><diagnostic type="string" string="plugins/com.agitar.experts.spring_6.0.0.000016/com.agitar.experts.spring.jar" /><diagnostic type="string" string="plugins/com.agitar.experts.j2ee_6.0.0.000016/com.agitar.experts.j2ee.jar" /><diagnostic type="string" string="plugins/com.agitar.experts.jsf_6.0.0.000016/com.agitar.experts.jsf.jar" /></diagnostic><diagnostic type="string" string="22574" key="timing.Exception" /><diagnostic type="number" number="30.0" string="30" key="class.proximity" class="Statuses" package="com.sun.jersey.api.client" /><diagnostic type="fraction" numerator="3" denominator="3" number="1.0" string="3/3 (100%)" key="class.creation" class="Entity" package="com.aexp.cicdmainframe.hpuftintegration.bvssuite" /><diagnostic type="number" number="30.0" string="30" key="class.proximity" class="Response$StatusType" package="javax.ws.rs.core" /><diagnostic type="string" string="bin" key="classpath.user" /><diagnostic type="string" string="41" key="timing.setup" /><diagnostic type="number" number="30.0" string="30" key="class.proximity" class="ContextFinder" package="javax.xml.bind" /><diagnostic type="string" string="/opt/agitar/agitarOne/work/cu038.virtual.aedc.extra.aexp.com-agitar-0/4cfc78690151adb841bf6335954c2f87/HpUftIntegration" key="user.dir" /><diagnostic type="number" number="65.0" string="65" key="class.proximity" class="PropertiesCache" package="com.aexp.cicdmainframe.hpuftintegration" /><diagnostic type="number" number="0.0" string="0" key="memory.ooms" /><diagnostic type="number" number="1.0" string="1" key="complexity" fullmethod="&lt;init>()" method="&lt;init>()" class="StartRunProcedure" package="com.aexp.cicdmainframe.hpuftintegration" /><diagnostic type="string" string="1.7.0_17" key="java.version" /><diagnostic type="string" string="10" key="timing.SaveAcovTime" /><diagnostic type="number" number="30.0" string="30" key="class.proximity" class="ReaderWriter" package="com.sun.jersey.core.util" /><diagnostic type="fraction" numerator="2" denominator="2" number="1.0" string="2/2 (100%)" key="class.creation" class="StartRunProcedureResponse" package="com.aexp.cicdmainframe.hpuftintegration.bvssuite" /><diagnostic type="number" number="27.0" string="27" key="complexity" class="StartRunProcedure" package="com.aexp.cicdmainframe.hpuftintegration" /><diagnostic type="string" string="11" key="timing.AcovCount" /><diagnostic type="list" key="log.user"><diagnostic type="string" string="[INFO]    [18:35:04:521] Calling setup method(s) took 62 ms.&#10;" /><diagnostic type="string" string="[INFO]    [18:35:04:754] Calling setup method(s) took 41 ms.&#10;" /><diagnostic type="string" string="[STATUS]  [18:35:05:838] Agitating class com.aexp.cicdmainframe.hpuftintegration.StartRunProcedure at Normal with limit of 60 secs.&#10;" /><diagnostic type="string" string="[WARNING] [18:35:10:954] com.aexp.cicdmainframe.hpuftintegration.StartRunProcedure.execute(java.util.Properties,java.util.Properties): Timeout:   500 ms&#10;" /><diagnostic type="string" string="[WARNING] [18:35:14:133] com.aexp.cicdmainframe.hpuftintegration.StartRunProcedure.doStartRunProcedure(java.lang.String,java.lang.String,java.lang.String): Timeout:   500 ms&#10;" /><diagnostic type="string" string="[INFO]    [18:35:14:981] Permission denied: NetPermission &quot;getCookieHandler&quot; was denied to com.sun.jersey.client.urlconnection.URLConnectionClientHandler._invoke() line 163, using security settings associated with &quot;com.aexp.cicdmainframe.hpuftintegration.bvssuite.StartRunProcedureResponse com.aexp.cicdmainframe.hpuftintegration.StartRunProcedure.doStartRunProcedure(java.lang.String param1, java.lang.String param2, java.lang.String param3)&quot;.&#10;" /><diagnostic type="string" string="[WARNING] [18:36:17:560] Agitation terminated due to user time limit (60 secs).&#10;" /><diagnostic type="string" string="[STATUS]  [18:36:17:607] Class com.aexp.cicdmainframe.hpuftintegration.StartRunProcedure  Outcome: WARNING Assertion: N/A&#10;" /><diagnostic type="string" string="[INFO]    [18:36:17:613] Calling shutdown method(s) took 4 ms.&#10;" /></diagnostic><diagnostic type="number" number="30.0" string="30" key="class.proximity" class="SSLPermission" package="javax.net.ssl" /><diagnostic type="fraction" numerator="28" denominator="57" number="0.49122807017543857" string="28/57 (49.12%)" key="coverage.final" fullmethod="doStartRunProcedure(java.lang.String param1, java.lang.String param2, java.lang.String param3)" method="doStartRunProcedure(String, String, String)" class="StartRunProcedure" package="com.aexp.cicdmainframe.hpuftintegration" /><diagnostic type="number" number="30.0" string="30" key="class.proximity" class="NewCookie" package="javax.ws.rs.core" /><diagnostic type="number" number="30.0" string="30" key="class.proximity" class="ClientHandlerException" package="com.sun.jersey.api.client" /><diagnostic type="fraction" numerator="786" denominator="786" number="1.0" string="786/786 (100%)" key="class.creation" class="Properties" package="java.util" /><diagnostic type="number" number="30.0" string="30" key="class.proximity" class="Fields" package="com.aexp.cicdmainframe.hpuftintegration.bvssuite" /><diagnostic type="number" number="30.0" string="30" key="class.proximity" class="PropertiesCache$1" package="com.aexp.cicdmainframe.hpuftintegration" /><diagnostic type="number" number="30.0" string="30" key="class.proximity" class="Base64" package="com.sun.jersey.core.util" /><diagnostic type="number" number="30.0" string="30" key="class.proximity" class="SSLPeerUnverifiedException" package="javax.net.ssl" /><diagnostic type="number" number="30.0" string="30" key="class.proximity" class="HttpsURLConnection$DefaultHostnameVerifier" package="javax.net.ssl" /><diagnostic type="number" number="65.0" string="65" key="class.proximity" class="JAXBElement" package="javax.xml.bind" /><diagnostic type="number" number="65.0" string="65" key="class.proximity" class="HTTPSProperties" package="com.sun.jersey.client.urlconnection" /><diagnostic type="number" number="30.0" string="30" key="class.proximity" class="UniformInterface" package="com.sun.jersey.api.client" /><diagnostic type="number" number="100.0" string="100" key="class.proximity" class="StartRunProcedure" package="com.aexp.cicdmainframe.hpuftintegration" /><diagnostic type="number" number="30.0" string="30" key="class.proximity" class="EntityTag" package="javax.ws.rs.core" /><diagnostic type="number" number="10.0" string="10" key="complexity" fullmethod="execute(java.util.Properties param1, java.util.Properties param2)" method="execute(Properties, Properties)" class="StartRunProcedure" package="com.aexp.cicdmainframe.hpuftintegration" /><diagnostic type="number" number="30.0" string="30" key="class.proximity" class="RuntimeDelegate$HeaderDelegate" package="javax.ws.rs.ext" /><diagnostic type="number" number="30.0" string="30" key="class.proximity" class="ClientConfig" package="com.sun.jersey.api.client.config" /><diagnostic type="number" number="30.0" string="30" key="class.proximity" class="Certificate[]" package="java.security.cert" /><diagnostic type="number" number="30.0" string="30" key="class.proximity" class="PartialRequestBuilder" package="com.sun.jersey.api.client" /><diagnostic type="fraction" numerator="0" denominator="19" number="0.0" string="0/19 (0%)" key="coverage.final" fullmethod="getBvsRunIdFromStartRunProcedureResponse(com.aexp.cicdmainframe.hpuftintegration.bvssuite.StartRunProcedureResponse param1)" method="getBvsRunIdFromStartRunProcedureResponse(StartRunProcedureResponse)" class="StartRunProcedure" package="com.aexp.cicdmainframe.hpuftintegration" /><diagnostic type="fraction" numerator="1802" denominator="1802" number="1.0" string="1802/1802 (100%)" key="class.creation" class="Object" package="java.lang" /><diagnostic type="string" string="Agitar internal" key="helpers.unused.internal.classes" class="ScopedTestHelper" package="com.agitar.lib" /><diagnostic type="string" string="AgitarOne Version 6.0.0.000016 (Build date: Aug 05, 2013) [6.0.0.000016]" key="agitar.version" /><diagnostic type="number" number="30.0" string="30" key="class.proximity" class="PropertyException" package="javax.xml.bind" /><diagnostic type="number" number="30.0" string="30" key="class.proximity" class="HPUFTIntegrationConstants" package="com.aexp.cicdmainframe.hpuftintegration" /><diagnostic type="number" number="30.0" string="30" key="class.proximity" class="Response$Status" package="javax.ws.rs.core" /><diagnostic type="number" number="30.0" string="30" key="class.proximity" class="WebResource$1" package="com.sun.jersey.api.client" /><diagnostic type="number" number="3.0" string="3" key="complexity" fullmethod="main(java.lang.String[] param1)" method="main(String[])" class="StartRunProcedure" package="com.aexp.cicdmainframe.hpuftintegration" /><diagnostic type="number" number="30.0" string="30" key="class.proximity" class="CompletableReader" package="com.sun.jersey.core.provider" /><diagnostic type="string" string="com.aexp.cicdmainframe.hpuftintegration.StartRunProcedure" key="target.class.name" /><diagnostic type="number" number="65.0" string="65" key="class.proximity" class="HttpsURLConnection" package="javax.net.ssl" /><diagnostic type="number" number="30.0" string="30" key="class.proximity" class="HttpsURLConnection$1" package="javax.net.ssl" /><diagnostic type="number" number="198.0" string="198" key="memory.total.final" /><diagnostic type="number" number="458.0" string="458" key="memory.max.final" /><diagnostic type="number" number="30.0" string="30" key="class.proximity" class="MediaType" package="javax.ws.rs.core" /><diagnostic type="number" number="30.0" string="30" key="class.proximity" class="Node" package="org.w3c.dom" /><diagnostic type="number" number="6.0" string="6" key="thread.count.final" /><diagnostic type="string" string="1058" key="timing.Loading" /><diagnostic type="number" number="30.0" string="30" key="class.proximity" class="Response" package="javax.ws.rs.core" /><diagnostic type="number" number="30.0" string="30" key="class.proximity" class="MultivaluedMap" package="javax.ws.rs.core" /><diagnostic type="number" number="30.0" string="30" key="class.proximity" class="QName" package="javax.xml.namespace" /><diagnostic type="number" number="65.0" string="65" key="class.proximity" class="HPUFTIntegrationUtil" package="com.aexp.cicdmainframe.hpuftintegration" /></diagnostics></report>