<report date="Fri Feb 17 20:39:35 PST 2017"><problems /><solutions /><diagnostics><diagnostic type="list" key="classpath.library"><diagnostic type="string" string="lib/log4j-1.2.16.jar" /><diagnostic type="string" string="lib/jersey-client-2.25.jar" /><diagnostic type="string" string="lib/jersey-common-2.25.jar" /><diagnostic type="string" string="lib/junit-4.11.jar" /><diagnostic type="string" string="lib/jersey-bundle-1.19.1.jar" /><diagnostic type="string" string="397b70e312007dc1a804702498bb25a5/jersey-client-1.19.3.jar" /><diagnostic type="string" string="9d72a569b9ccb71e95c1e889cd08a1f2/com.agitar.mockingbird.jar" /><diagnostic type="string" string="2686f545a2ce8141a152d83a264ecdb2/org.agitar.mock5.jar" /></diagnostic><diagnostic type="fraction" numerator="2" denominator="2" number="1.0" string="2/2 (100%)" key="coverage.final" fullmethod="&lt;init>(java.lang.String param1, java.lang.Throwable param2)" method="&lt;init>(String, Throwable)" class="HPUFTIntegrationException" package="com.aexp.cicdmainframe.hpuftintegration.exception" /><diagnostic type="number" number="1.0" string="1" key="complexity" fullmethod="&lt;init>(java.lang.String param1, java.lang.Throwable param2)" method="&lt;init>(String, Throwable)" class="HPUFTIntegrationException" package="com.aexp.cicdmainframe.hpuftintegration.exception" /><diagnostic type="string" string="bin" key="classpath.user" /><diagnostic type="string" string="1" key="timing.Repeat" /><diagnostic type="string" string="788" key="timing.Analysis" /><diagnostic type="string" string="1108" key="timing.Boundary" /><diagnostic type="string" string="/opt/agitar/agitarOne/work/cu038.virtual.aedc.extra.aexp.com-agitar-0/dcbf3a906a0272683156ece8d540d51b/HpUftIntegration" key="user.dir" /><diagnostic type="string" string="unchanged" key="coverage.testgen.delta" class="HPUFTIntegrationException" package="com.aexp.cicdmainframe.hpuftintegration.exception" /><diagnostic type="number" number="4.0" string="4" key="complexity" class="HPUFTIntegrationException" package="com.aexp.cicdmainframe.hpuftintegration.exception" /><diagnostic type="fraction" numerator="8" denominator="8" number="1.0" string="8/8 (100%)" key="coverage.final" class="HPUFTIntegrationException" package="com.aexp.cicdmainframe.hpuftintegration.exception" /><diagnostic type="number" number="0.0" string="0" key="memory.ooms" /><diagnostic type="fraction" numerator="2" denominator="2" number="1.0" string="2/2 (100%)" key="coverage.testgen" fullmethod="&lt;init>()" method="&lt;init>()" class="HPUFTIntegrationException" package="com.aexp.cicdmainframe.hpuftintegration.exception" /><diagnostic type="fraction" numerator="0" denominator="8" number="0.0" string="0/8 (0%)" key="coverage.aggressive" class="HPUFTIntegrationException" package="com.aexp.cicdmainframe.hpuftintegration.exception" /><diagnostic type="list" key="java.vmargs"><diagnostic type="string" string="-Xmx1024m" /><diagnostic type="string" string="-Duser.language=en" /><diagnostic type="string" string="-Djava.awt.headless=true" /><diagnostic type="string" string="-Duser.country=US" /><diagnostic type="string" string="-Dagitar.test.gen.source.folder=test" /><diagnostic type="string" string="-Djava5.home=/opt/agitar/agitarOne/platforms/linux/x86_64/java/Sun/1.5" /><diagnostic type="string" string="-Dagitar.time.scaling.factor=1" /><diagnostic type="string" string="-Dagitar.job.md5=dcbf3a906a0272683156ece8d540d51b" /></diagnostic><diagnostic type="fraction" numerator="14" denominator="14" number="1.0" string="14/14 (100%)" key="class.creation" class="String" package="java.lang" /><diagnostic type="fraction" numerator="2" denominator="2" number="1.0" string="2/2 (100%)" key="coverage.testgen" fullmethod="&lt;init>(java.lang.String param1)" method="&lt;init>(String)" class="HPUFTIntegrationException" package="com.aexp.cicdmainframe.hpuftintegration.exception" /><diagnostic type="fraction" numerator="0" denominator="5" number="0.0" string="0/5 (0%)" key="mockingbird.ratio" class="HPUFTIntegrationException" package="com.aexp.cicdmainframe.hpuftintegration.exception" /><diagnostic type="string" string="1.7.0_17" key="java.version" /><diagnostic type="string" string="Mock level: 0" key="test.created" fullmethod="testConstructor3()" method="testConstructor3()" class="HPUFTIntegrationExceptionAgitarTest" package="com.aexp.cicdmainframe.hpuftintegration.exception" /><diagnostic type="string" string="2" key="timing.SaveAcovTime" /><diagnostic type="string" string="Mock level: 0" key="test.created" fullmethod="testConstructor1()" method="testConstructor1()" class="HPUFTIntegrationExceptionAgitarTest" package="com.aexp.cicdmainframe.hpuftintegration.exception" /><diagnostic type="string" string="unchanged" key="coverage.final.delta" class="HPUFTIntegrationException" package="com.aexp.cicdmainframe.hpuftintegration.exception" /><diagnostic type="string" string="Agitar internal" key="helpers.unused.internal.classes" class="SetupHelper" package="com.agitar.lib" /><diagnostic type="string" string="100" key="timing.Cov%" /><diagnostic type="number" number="1.0" string="1" key="complexity" fullmethod="&lt;init>(java.lang.Throwable param1)" method="&lt;init>(Throwable)" class="HPUFTIntegrationException" package="com.aexp.cicdmainframe.hpuftintegration.exception" /><diagnostic type="fraction" numerator="2" denominator="2" number="1.0" string="2/2 (100%)" key="coverage.final" fullmethod="&lt;init>(java.lang.Throwable param1)" method="&lt;init>(Throwable)" class="HPUFTIntegrationException" package="com.aexp.cicdmainframe.hpuftintegration.exception" /><diagnostic type="list" key="classpath.extension"><diagnostic type="string" string="plugins/com.agitar.eclipse.api_6.0.0.000016/lib/ext/org.agitar.mock5.jar" /><diagnostic type="string" string="plugins/com.agitar.agitator_6.0.0.000016/lib/ext/com.agitar.enterprise5.jar" /></diagnostic><diagnostic type="string" string="1" key="timing.AcovCount" /><diagnostic type="list" key="log.user"><diagnostic type="string" string="[STATUS]  [20:39:22:040] Start generating test for class com.aexp.cicdmainframe.hpuftintegration.exception.HPUFTIntegrationException&#10;" /><diagnostic type="string" string="[INFO]    [20:39:30:970] Mock sequence generator produced 0 tests (0 aggressive).&#10;" /><diagnostic type="string" string="[STATUS]  [20:39:34:532] Class com.aexp.cicdmainframe.hpuftintegration.exception.HPUFTIntegrationException : test generation completed&#10;" /></diagnostic><diagnostic type="fraction" numerator="2" denominator="2" number="1.0" string="2/2 (100%)" key="coverage.agitation" fullmethod="&lt;init>()" method="&lt;init>()" class="HPUFTIntegrationException" package="com.aexp.cicdmainframe.hpuftintegration.exception" /><diagnostic type="string" string="agitar/config" key="config.path" /><diagnostic type="fraction" numerator="36" denominator="36" number="1.0" string="36/36 (100%)" key="class.creation" class="HPUFTIntegrationException" package="com.aexp.cicdmainframe.hpuftintegration.exception" /><diagnostic type="fraction" numerator="2" denominator="2" number="1.0" string="2/2 (100%)" key="coverage.agitation" fullmethod="&lt;init>(java.lang.String param1)" method="&lt;init>(String)" class="HPUFTIntegrationException" package="com.aexp.cicdmainframe.hpuftintegration.exception" /><diagnostic type="number" number="8.0" string="8" key="thread.count.initial" /><diagnostic type="fraction" numerator="0" denominator="1" number="0.0" string="0/1 (0%)" key="mockingbird.ratio" class="Throwable" package="java.lang" /><diagnostic type="fraction" numerator="8" denominator="8" number="1.0" string="8/8 (100%)" key="coverage.testgen" class="HPUFTIntegrationException" package="com.aexp.cicdmainframe.hpuftintegration.exception" /><diagnostic type="number" number="858.0" string="858" key="memory.available.final" /><diagnostic type="fraction" numerator="2" denominator="2" number="1.0" string="2/2 (100%)" key="coverage.testgen" fullmethod="&lt;init>(java.lang.String param1, java.lang.Throwable param2)" method="&lt;init>(String, Throwable)" class="HPUFTIntegrationException" package="com.aexp.cicdmainframe.hpuftintegration.exception" /><diagnostic type="fraction" numerator="2" denominator="2" number="1.0" string="2/2 (100%)" key="coverage.agitation" fullmethod="&lt;init>(java.lang.Throwable param1)" method="&lt;init>(Throwable)" class="HPUFTIntegrationException" package="com.aexp.cicdmainframe.hpuftintegration.exception" /><diagnostic type="string" string="111" key="timing.Instrumentation" /><diagnostic type="fraction" numerator="8" denominator="8" number="1.0" string="8/8 (100%)" key="coverage.normal" class="HPUFTIntegrationException" package="com.aexp.cicdmainframe.hpuftintegration.exception" /><diagnostic type="string" string="create com.sun.jersey.api.client.Client" key="helpers.used.mothers" fullmethod="createJerseyClient()" method="createJerseyClient()" class="JerseyClientCreationTestHelper" package="com.aexp.cicdmainframe.helper" /><diagnostic type="number" number="1.0" string="1" key="complexity" fullmethod="&lt;init>()" method="&lt;init>()" class="HPUFTIntegrationException" package="com.aexp.cicdmainframe.hpuftintegration.exception" /><diagnostic type="string" string="AgitarOne Version 6.0.0.000016 (Build date: Aug 05, 2013) [6.0.0.000016]" key="agitar.version" /><diagnostic type="string" string="Agitar internal" key="helpers.unused.internal.classes" class="ScopedTestHelper" package="com.agitar.lib" /><diagnostic type="fraction" numerator="2" denominator="2" number="1.0" string="2/2 (100%)" key="coverage.final" fullmethod="&lt;init>()" method="&lt;init>()" class="HPUFTIntegrationException" package="com.aexp.cicdmainframe.hpuftintegration.exception" /><diagnostic type="fraction" numerator="2" denominator="2" number="1.0" string="2/2 (100%)" key="coverage.final" fullmethod="&lt;init>(java.lang.String param1)" method="&lt;init>(String)" class="HPUFTIntegrationException" package="com.aexp.cicdmainframe.hpuftintegration.exception" /><diagnostic type="number" number="1.0" string="1" key="complexity" fullmethod="&lt;init>(java.lang.String param1)" method="&lt;init>(String)" class="HPUFTIntegrationException" package="com.aexp.cicdmainframe.hpuftintegration.exception" /><diagnostic type="string" string="47" key="timing.Normal" /><diagnostic type="string" string="com.aexp.cicdmainframe.helper.JerseyClientCreationTestHelper" key="helpers.used.classes" /><diagnostic type="string" string="Mock level: 0" key="test.created" fullmethod="testConstructor2()" method="testConstructor2()" class="HPUFTIntegrationExceptionAgitarTest" package="com.aexp.cicdmainframe.hpuftintegration.exception" /><diagnostic type="fraction" numerator="8" denominator="8" number="1.0" string="8/8 (100%)" key="coverage.agitation" class="HPUFTIntegrationException" package="com.aexp.cicdmainframe.hpuftintegration.exception" /><diagnostic type="string" string="com.aexp.cicdmainframe.hpuftintegration.exception.HPUFTIntegrationException" key="target.class.name" /><diagnostic type="number" number="47.0" string="47" key="memory.free.final" /><diagnostic type="number" number="106.0" string="106" key="memory.total.final" /><diagnostic type="number" number="917.0" string="917" key="memory.max.final" /><diagnostic type="number" number="1.0" string="1" key="test.classes.generated" /><diagnostic type="string" string="Linux" key="os.name" /><diagnostic type="fraction" numerator="2" denominator="2" number="1.0" string="2/2 (100%)" key="coverage.agitation" fullmethod="&lt;init>(java.lang.String param1, java.lang.Throwable param2)" method="&lt;init>(String, Throwable)" class="HPUFTIntegrationException" package="com.aexp.cicdmainframe.hpuftintegration.exception" /><diagnostic type="fraction" numerator="18" denominator="18" number="1.0" string="18/18 (100%)" key="class.creation" class="Throwable" package="java.lang" /><diagnostic type="string" string="Mock level: 0" key="test.created" fullmethod="testConstructor()" method="testConstructor()" class="HPUFTIntegrationExceptionAgitarTest" package="com.aexp.cicdmainframe.hpuftintegration.exception" /><diagnostic type="fraction" numerator="2" denominator="2" number="1.0" string="2/2 (100%)" key="coverage.testgen" fullmethod="&lt;init>(java.lang.Throwable param1)" method="&lt;init>(Throwable)" class="HPUFTIntegrationException" package="com.aexp.cicdmainframe.hpuftintegration.exception" /><diagnostic type="string" string="2.6.18-194.el5" key="os.version" /><diagnostic type="number" number="100.0" string="100" key="class.proximity" class="HPUFTIntegrationException" package="com.aexp.cicdmainframe.hpuftintegration.exception" /><diagnostic type="list" key="classpath.agitar"><diagnostic type="string" string="plugins/com.agitar.agitator_6.0.0.000016/com.agitar.agitator.jar" /><diagnostic type="string" string="plugins/com.agitar.agitator_6.0.0.000016/com.agitar.knowledge.jar" /><diagnostic type="string" string="plugins/com.agitar.agitator_6.0.0.000016/com.agitar.tools.jar" /><diagnostic type="string" string="plugins/com.agitar.agitator_6.0.0.000016/lib/agitar-crimson.jar" /><diagnostic type="string" string="plugins/com.agitar.agitator_6.0.0.000016/lib/agitar-gnu-regexp-1.1.4.jar" /><diagnostic type="string" string="plugins/com.agitar.agitator_6.0.0.000016/lib/agitar-org.eclipse.jdt.core_3.6.0.jar" /><diagnostic type="string" string="plugins/com.agitar.agitator_6.0.0.000016/lib/agitator-lib.jar" /><diagnostic type="string" string="plugins/com.agitar.agitator_6.0.0.000016/lib/antlr-2.7.5H3.jar" /><diagnostic type="string" string="plugins/com.agitar.agitator_6.0.0.000016/lib/checkstyle-5.6-all.jar" /><diagnostic type="string" string="plugins/com.agitar.agitator_6.0.0.000016/lib/commons-beanutils-core.jar" /><diagnostic type="string" string="plugins/com.agitar.agitator_6.0.0.000016/lib/commons-beanutils.jar" /><diagnostic type="string" string="plugins/com.agitar.agitator_6.0.0.000016/lib/commons-collections.jar" /><diagnostic type="string" string="plugins/com.agitar.agitator_6.0.0.000016/lib/fast-md5.jar" /><diagnostic type="string" string="plugins/com.agitar.agitator_6.0.0.000016/lib/isorelax.jar" /><diagnostic type="string" string="plugins/com.agitar.agitator_6.0.0.000016/lib/lucene-1.5-rc1-dev.jar" /><diagnostic type="string" string="plugins/com.agitar.agitator_6.0.0.000016/lib/msv.jar" /><diagnostic type="string" string="plugins/com.agitar.agitator_6.0.0.000016/lib/relaxngDatatype.jar" /><diagnostic type="string" string="plugins/com.agitar.agitator_6.0.0.000016/lib/xmlgen.jar" /><diagnostic type="string" string="plugins/com.agitar.agitator_6.0.0.000016/lib/xsdlib.jar" /><diagnostic type="string" string="plugins/com.agitar.agitator_6.0.0.000016/lib/xstream-1.2.2.jar" /><diagnostic type="string" string="plugins/com.agitar.eclipse.coverage_6.0.0.000016/com.agitar.asm.jar" /><diagnostic type="string" string="plugins/com.agitar.eclipse.coverage_6.0.0.000016/com.agitar.check.jar" /><diagnostic type="string" string="plugins/com.agitar.eclipse.coverage_6.0.0.000016/com.agitar.common.jar" /><diagnostic type="string" string="plugins/com.agitar.eclipse.coverage_6.0.0.000016/com.agitar.coverage.jar" /><diagnostic type="string" string="plugins/com.agitar.eclipse.coverage_6.0.0.000016/com.agitar.eclipse.core.jar" /><diagnostic type="string" string="plugins/com.agitar.eclipse.coverage_6.0.0.000016/com.agitar.eclipse.coverage.jar" /><diagnostic type="string" string="plugins/com.agitar.eclipse.coverage_6.0.0.000016/com.agitar.eclipse.project.mock.jar" /><diagnostic type="string" string="plugins/com.agitar.eclipse.coverage_6.0.0.000016/lib/commons-cli-1.0.jar" /><diagnostic type="string" string="plugins/com.agitar.eclipse.coverage_6.0.0.000016/lib/commons-codec-1.3.jar" /><diagnostic type="string" string="plugins/com.agitar.eclipse.coverage_6.0.0.000016/lib/commons-httpclient-3.1.jar" /><diagnostic type="string" string="plugins/com.agitar.eclipse.coverage_6.0.0.000016/lib/commons-logging.jar" /><diagnostic type="string" string="plugins/com.agitar.eclipse.coverage_6.0.0.000016/lib/ezlicgen30.jar" /><diagnostic type="string" string="plugins/com.agitar.eclipse.coverage_6.0.0.000016/lib/ezlicrun30.jar" /><diagnostic type="string" string="plugins/com.agitar.eclipse.coverage_6.0.0.000016/lib/hsqldb.jar" /><diagnostic type="string" string="plugins/com.agitar.eclipse.coverage_6.0.0.000016/lib/ils10.jar" /><diagnostic type="string" string="plugins/com.agitar.eclipse.coverage_6.0.0.000016/lib/ilsadmin10.jar" /><diagnostic type="string" string="plugins/com.agitar.eclipse.coverage_6.0.0.000016/lib/ilsclient10.jar" /><diagnostic type="string" string="plugins/com.agitar.eclipse.coverage_6.0.0.000016/lib/ilscrypt10.jar" /><diagnostic type="string" string="plugins/com.agitar.eclipse.coverage_6.0.0.000016/lib/ilsdb10.jar" /><diagnostic type="string" string="plugins/com.agitar.eclipse.coverage_6.0.0.000016/lib/jvmdetector.jar" /><diagnostic type="string" string="plugins/com.agitar.eclipse.coverage_6.0.0.000016/lib/wdortl20.jar" /><diagnostic type="string" string="plugins/com.agitar.eclipse.coverage_6.0.0.000016/lib/xpp3-1.1.4c.jar" /><diagnostic type="string" string="plugins/com.agitar.eclipse.api_6.0.0.000016/com.agitar.eclipse.api.jar" /><diagnostic type="string" string="plugins/com.agitar.eclipse.api_6.0.0.000016/com.agitar.mockingbird.jar" /><diagnostic type="string" string="plugins/com.agitar.eclipse.api_6.0.0.000016/com.agitar.testrunner.jar" /><diagnostic type="string" string="plugins/com.agitar.eclipse.api_6.0.0.000016/lib/ant-junit.jar" /><diagnostic type="string" string="plugins/com.agitar.eclipse.api_6.0.0.000016/lib/ant-launcher.jar" /><diagnostic type="string" string="plugins/com.agitar.eclipse.api_6.0.0.000016/lib/ant.jar" /><diagnostic type="string" string="plugins/com.agitar.eclipse.api_6.0.0.000016/lib/junit.jar" /><diagnostic type="string" string="plugins/com.agitar.eclipse.api_6.0.0.000016/lib/xalan.jar" /><diagnostic type="string" string="../../../platforms/linux/x86_64/eclipse/plugins/org.junit_4.10.0.v4_10_0_v20120426-0900/junit.jar" /></diagnostic><diagnostic type="number" number="7.0" string="7" key="thread.count.final" /><diagnostic type="fraction" numerator="0" denominator="6" number="0.0" string="0/6 (0%)" key="mockingbird.ratio.total" /><diagnostic type="string" string="137" key="timing.Loading" /><diagnostic type="number" number="59.0" string="59" key="memory.used.final" /><diagnostic type="string" string="Oracle Corporation" key="java.vendor" /><diagnostic type="list" key="classpath.expert"><diagnostic type="string" string="plugins/com.agitar.experts.struts_6.0.0.000016/com.agitar.experts.struts.jar" /><diagnostic type="string" string="plugins/com.agitar.experts.hibernate_6.0.0.000016/com.agitar.experts.hibernate.jar" /><diagnostic type="string" string="plugins/com.agitar.experts.spring_6.0.0.000016/com.agitar.experts.spring.jar" /><diagnostic type="string" string="plugins/com.agitar.experts.j2ee_6.0.0.000016/com.agitar.experts.j2ee.jar" /><diagnostic type="string" string="plugins/com.agitar.experts.jsf_6.0.0.000016/com.agitar.experts.jsf.jar" /></diagnostic><diagnostic type="string" string="27" key="timing.Exception" /></diagnostics></report>