<report date="Mon Feb 20 06:53:54 PST 2017"><problems><problem id="5582" severity="437" message="problem.low.coverage" class="com.aexp.cicdmainframe.hpuftintegration.bvssuite.BuildVerificationRunDetails">There were lines and conditions in BuildVerificationRunDetails that AgitarOne could not exercise. 62.5% of the class could not be covered.<diagnostic type="number" number="0.625" string="0.62" /></problem><problem id="5583" severity="205" message="problem.overly.mocked.all">The test generator had difficulty constructing many of the objects required for testing and had to use "aggressive mocking" to achieve some of the coverage.  5.2% of the total coverage comes from these tests. This is not necessarily a problem but the tests might be more readable and effective if real objects were provided. <diagnostic type="fraction" numerator="3" denominator="58" number="0.05172413793103448" string="3/58 (5.17%)" /></problem><problem id="5584" severity="143" message="problem.overly.mocked" class="com.sun.jersey.api.client.WebResource">The test generator had difficulty constructing com.sun.jersey.api.client.WebResource in the required states and had to mock it 63.6% of the time. This is not necessarily a problem but the tests might be more readable and effective if real objects were provided. <diagnostic type="fraction" numerator="7" denominator="11" number="0.6363636363636364" string="7/11 (63.64%)" /></problem></problems><solutions><solution rating="3" problemid="5582" message="solution.datahelper.state" class="com.aexp.cicdmainframe.hpuftintegration.bvssuite.BuildVerificationRunDetails">Write a test data helper that creates parameters that BuildVerificationRunDetails needs. Create the parameters in the states needed to reach the uncovered sections.</solution><solution rating="3" problemid="5583" message="solution.datahelper.mock.all">If you want real objects in your tests, consider writing a test data helper for the most commonly mocked object types. In the helper, duplicate the return values and exceptions that have been mocked.<diagnostic type="fraction" numerator="3" denominator="58" number="0.05172413793103448" string="3/58 (5.17%)" /></solution><solution rating="3" problemid="5584" message="solution.datahelper.mock" class="com.sun.jersey.api.client.WebResource">If you want real objects in your tests, consider writing a test data helper for WebResource. In the helper, duplicate the return values and exceptions that have been mocked.<diagnostic type="fraction" numerator="7" denominator="11" number="0.6363636363636364" string="7/11 (63.64%)" /></solution></solutions><diagnostics><diagnostic type="list" key="classpath.library"><diagnostic type="string" string="lib/log4j-1.2.16.jar" /><diagnostic type="string" string="lib/jersey-client-2.25.jar" /><diagnostic type="string" string="lib/jersey-common-2.25.jar" /><diagnostic type="string" string="lib/junit-4.11.jar" /><diagnostic type="string" string="lib/jersey-bundle-1.19.1.jar" /><diagnostic type="string" string="397b70e312007dc1a804702498bb25a5/jersey-client-1.19.3.jar" /><diagnostic type="string" string="9d72a569b9ccb71e95c1e889cd08a1f2/com.agitar.mockingbird.jar" /><diagnostic type="string" string="2686f545a2ce8141a152d83a264ecdb2/org.agitar.mock5.jar" /></diagnostic><diagnostic type="list" key="test.failing" fullmethod="doGetBuildVerificationRunDetails(java.lang.String domainName, java.lang.String projectName, java.lang.String bvsRunId)" method="doGetBuildVerificationRunDetails(String, String, String)" class="BuildVerificationRunDetails" package="com.aexp.cicdmainframe.hpuftintegration.bvssuite"><diagnostic type="test" string="NullPointerException: did not expect exception java.lang.IllegalArgumentException: SSLContext must not be null" mocklevel="2" reason="did not expect exception java.lang.IllegalArgumentException: SSLContext must not be null" operation="#1422405017 com.aexp.cicdmainframe.hpuftintegration.bvssuite.BuildVerificationRunDetails.doGetBuildVerificationRunDetails(String, String, String) Params: [ref[BuildVerificationRunDetails@1225ab3f/notnull], ref[java.lang.String:&quot;META-INF/services/&quot;], ref[java.lang.String:&quot;BuildVerificationRunDetails URL: &quot;], ref[java.lang.String:&quot;testString&quot;]] Ex: ref[NullPointerException@6100bf59/notnull]" coverage="001111000000000000000000000000000000000000000000000000000 [57]" outcome="java.lang.NullPointerException"><source>// filtered callback (target type): 1 &lt;init>() ref[BuildVerificationRunDetails@1225ab3f/notnull][] = ref[BuildVerificationRunDetails@1225ab3f/notnull] throws ref[NULL] (x1)
// filtered callback (unnecessary): 1 info(Object) ref[Logger@75caf68e/notnull][ref[java.lang.String:"======= 8. BuildVerificationRunDetails for Domain, Project and Entity/BVSId=============="]] = ref[NULL] throws ref[NULL] (x1)
// filtered callback (unnecessary): 1 getProperty(String) ref[java.lang.Class:class java.lang.System][ref[java.lang.String:"build_verification.url"]] = ref[NULL] throws ref[NULL] (x1)
BuildVerificationRunDetails.getInstance().doGetBuildVerificationRunDetails("META-INF/services/", "BuildVerificationRunDetails URL: ", "testString");
</source><diagnostic type="error" exception-class="com.agitar.tbe.recorder.a" exception-message="did not expect exception java.lang.IllegalArgumentException: SSLContext must not be null" string="a: &quot;did not expect exception java.lang.IllegalArgumentException: SSLContext must not be null&quot; at kb.a() line 284 at r.a() line 205, caused by IllegalArgumentException: &quot;SSLContext must not be null&quot; at HTTPSProperties.&lt;init>() line 106 at GeneratedConstructorAccessor5.newInstance()"><trace class="com.agitar.tbe.recorder.operations.kb" method="a" line="284" /><trace class="com.agitar.tbe.recorder.operations.r" method="a" line="205" /><trace class="com.agitar.tbe.recorder.operations.f" method="a" line="97" /><trace class="com.agitar.tbe.recorder.gc" method="a" line="252" /><trace class="com.agitar.tbe.recorder.gc" method="f" line="160" /><trace class="com.agitar.tbe.d" method="a" line="50" /><trace class="com.agitar.tbe.j" method="run" line="227" /><diagnostic type="error" exception-class="java.lang.IllegalArgumentException" exception-message="SSLContext must not be null" string="IllegalArgumentException: &quot;SSLContext must not be null&quot; at HTTPSProperties.&lt;init>() line 106 at GeneratedConstructorAccessor5.newInstance()"><trace class="com.sun.jersey.client.urlconnection.HTTPSProperties" method="&lt;init>" line="106" /><trace class="sun.reflect.GeneratedConstructorAccessor5" method="newInstance" /><trace class="sun.reflect.DelegatingConstructorAccessorImpl" method="newInstance" /><trace class="java.lang.reflect.Constructor" method="newInstance" /><trace class="com.agitar.lib.mockingbird.Caller" method="callConstructor" line="343" /><trace class="com.agitar.lib.mockingbird.Caller" method="invokeConstructor" line="453" /><trace class="com.agitar.lib.mockingbird.Caller" method="invoke" line="390" /><trace class="com.agitar.lib.mockingbird.Mockingbird" method="invoke" line="506" /><trace class="com.aexp.cicdmainframe.hpuftintegration.bvssuite.BuildVerificationRunDetails" method="doGetBuildVerificationRunDetails" line="65" /><trace class="sun.reflect.NativeMethodAccessorImpl" method="invoke0" /><trace class="sun.reflect.NativeMethodAccessorImpl" method="invoke" /><trace class="sun.reflect.DelegatingMethodAccessorImpl" method="invoke" /><trace class="java.lang.reflect.Method" method="invoke" /><trace class="com.agitar.tbe.recorder.operations.kb" method="a" line="272" /><trace class="com.agitar.tbe.recorder.operations.r" method="a" line="205" /><trace class="com.agitar.tbe.recorder.operations.f" method="a" line="97" /><trace class="com.agitar.tbe.recorder.gc" method="a" line="252" /><trace class="com.agitar.tbe.recorder.gc" method="f" line="160" /><trace class="com.agitar.tbe.d" method="a" line="50" /><trace class="com.agitar.tbe.j" method="run" line="227" /></diagnostic></diagnostic></diagnostic><diagnostic type="test" string="NullPointerException: for ref[BuildVerificationRunDetails@1225ab3f/notnull] expected &quot;com.aexp.cicdmainframe.hpuftintegration.bvssuite.BuildVerificationRunDetails@5821f55b&quot; but got &quot;com.aexp.cicdmainframe.hpuftintegration.bvssuite.BuildVerificationRunDetails@1225ab3f&quot;" mocklevel="3" reason="for ref[BuildVerificationRunDetails@1225ab3f/notnull] expected &quot;com.aexp.cicdmainframe.hpuftintegration.bvssuite.BuildVerificationRunDetails@5821f55b&quot; but got &quot;com.aexp.cicdmainframe.hpuftintegration.bvssuite.BuildVerificationRunDetails@1225ab3f&quot;" operation="#1248174923 com.aexp.cicdmainframe.hpuftintegration.bvssuite.BuildVerificationRunDetails.getInstance() Params: [] Ret: ref[BuildVerificationRunDetails@1225ab3f/notnull]" coverage="001111000000000000000000000000000000000000000000000000000 [57]" outcome="java.lang.NullPointerException"><source>// filtered callback (target type): 1 &lt;init>() ref[BuildVerificationRunDetails@1225ab3f/notnull][] = ref[BuildVerificationRunDetails@1225ab3f/notnull] throws ref[NULL] (x1)
// filtered callback (unnecessary): 1 info(Object) ref[Logger@75caf68e/notnull][ref[java.lang.String:"======= 8. BuildVerificationRunDetails for Domain, Project and Entity/BVSId=============="]] = ref[NULL] throws ref[NULL] (x1)
// filtered callback (unnecessary): 1 getProperty(String) ref[java.lang.Class:class java.lang.System][ref[java.lang.String:"build_verification.url"]] = ref[NULL] throws ref[NULL] (x1)
BuildVerificationRunDetails.getInstance().doGetBuildVerificationRunDetails("META-INF/services/", "BuildVerificationRunDetails URL: ", "testString");
</source><diagnostic type="error" exception-class="com.agitar.tbe.recorder.a" exception-message="for ref[BuildVerificationRunDetails@1225ab3f/notnull] expected &quot;com.aexp.cicdmainframe.hpuftintegration.bvssuite.BuildVerificationRunDetails@5821f55b&quot; but got &quot;com.aexp.cicdmainframe.hpuftintegration.bvssuite.BuildVerificationRunDetails@1225ab3f&quot;" string="a: &quot;for ref[BuildVerificationRunDetails@1225ab3f/notnull] expected &quot;com.aexp.cicdmainframe.hpuftintegration.bvssuite.BuildVerificationRunDetails@5821f55b&quot; but got &quot;com.aexp.cicdmainframe.hpuftintegration.bvssuite.BuildVerificationRunDetails@1225ab3f&quot;&quot; at w.a() line 78 at kb.a() line 279"><trace class="com.agitar.tbe.recorder.w" method="a" line="78" /><trace class="com.agitar.tbe.recorder.operations.kb" method="a" line="279" /><trace class="com.agitar.tbe.recorder.operations.r" method="a" line="205" /><trace class="com.agitar.tbe.recorder.operations.f" method="a" line="97" /><trace class="com.agitar.tbe.recorder.gc" method="f" line="162" /><trace class="com.agitar.tbe.d" method="a" line="50" /><trace class="com.agitar.tbe.j" method="run" line="227" /></diagnostic></diagnostic><diagnostic type="test" string="NullPointerException: did not expect exception java.lang.IllegalArgumentException: SSLContext must not be null" mocklevel="3" reason="did not expect exception java.lang.IllegalArgumentException: SSLContext must not be null" operation="#1422405017 com.aexp.cicdmainframe.hpuftintegration.bvssuite.BuildVerificationRunDetails.doGetBuildVerificationRunDetails(String, String, String) Params: [ref[BuildVerificationRunDetails@1225ab3f/notnull], ref[java.lang.String:&quot;META-INF/services/&quot;], ref[java.lang.String:&quot;BuildVerificationRunDetails URL: &quot;], ref[java.lang.String:&quot;testString&quot;]] Ex: ref[NullPointerException@6100bf59/notnull]" coverage="001111000000000000000000000000000000000000000000000000000 [57]" outcome="java.lang.NullPointerException"><source>// filtered callback (target type): 1 &lt;init>() ref[BuildVerificationRunDetails@1225ab3f/notnull][] = ref[BuildVerificationRunDetails@1225ab3f/notnull] throws ref[NULL] (x1)
// filtered callback (unnecessary): 1 info(Object) ref[Logger@75caf68e/notnull][ref[java.lang.String:"======= 8. BuildVerificationRunDetails for Domain, Project and Entity/BVSId=============="]] = ref[NULL] throws ref[NULL] (x1)
// filtered callback (unnecessary): 1 getProperty(String) ref[java.lang.Class:class java.lang.System][ref[java.lang.String:"build_verification.url"]] = ref[NULL] throws ref[NULL] (x1)
BuildVerificationRunDetails.getInstance().doGetBuildVerificationRunDetails("META-INF/services/", "BuildVerificationRunDetails URL: ", "testString");
</source><diagnostic type="error" exception-class="com.agitar.tbe.recorder.a" exception-message="did not expect exception java.lang.IllegalArgumentException: SSLContext must not be null" string="a: &quot;did not expect exception java.lang.IllegalArgumentException: SSLContext must not be null&quot; at kb.a() line 284 at r.a() line 205, caused by IllegalArgumentException: &quot;SSLContext must not be null&quot; at HTTPSProperties.&lt;init>() line 106 at GeneratedConstructorAccessor5.newInstance()"><trace class="com.agitar.tbe.recorder.operations.kb" method="a" line="284" /><trace class="com.agitar.tbe.recorder.operations.r" method="a" line="205" /><trace class="com.agitar.tbe.recorder.operations.f" method="a" line="97" /><trace class="com.agitar.tbe.recorder.gc" method="a" line="252" /><trace class="com.agitar.tbe.recorder.gc" method="f" line="160" /><trace class="com.agitar.tbe.d" method="a" line="50" /><trace class="com.agitar.tbe.j" method="run" line="227" /><diagnostic type="error" exception-class="java.lang.IllegalArgumentException" exception-message="SSLContext must not be null" string="IllegalArgumentException: &quot;SSLContext must not be null&quot; at HTTPSProperties.&lt;init>() line 106 at GeneratedConstructorAccessor5.newInstance()"><trace class="com.sun.jersey.client.urlconnection.HTTPSProperties" method="&lt;init>" line="106" /><trace class="sun.reflect.GeneratedConstructorAccessor5" method="newInstance" /><trace class="sun.reflect.DelegatingConstructorAccessorImpl" method="newInstance" /><trace class="java.lang.reflect.Constructor" method="newInstance" /><trace class="com.agitar.lib.mockingbird.Caller" method="callConstructor" line="343" /><trace class="com.agitar.lib.mockingbird.Caller" method="invokeConstructor" line="453" /><trace class="com.agitar.lib.mockingbird.Caller" method="invoke" line="390" /><trace class="com.agitar.lib.mockingbird.Mockingbird" method="invoke" line="506" /><trace class="com.aexp.cicdmainframe.hpuftintegration.bvssuite.BuildVerificationRunDetails" method="doGetBuildVerificationRunDetails" line="65" /><trace class="sun.reflect.NativeMethodAccessorImpl" method="invoke0" /><trace class="sun.reflect.NativeMethodAccessorImpl" method="invoke" /><trace class="sun.reflect.DelegatingMethodAccessorImpl" method="invoke" /><trace class="java.lang.reflect.Method" method="invoke" /><trace class="com.agitar.tbe.recorder.operations.kb" method="a" line="272" /><trace class="com.agitar.tbe.recorder.operations.r" method="a" line="205" /><trace class="com.agitar.tbe.recorder.operations.f" method="a" line="97" /><trace class="com.agitar.tbe.recorder.gc" method="a" line="252" /><trace class="com.agitar.tbe.recorder.gc" method="f" line="160" /><trace class="com.agitar.tbe.d" method="a" line="50" /><trace class="com.agitar.tbe.j" method="run" line="227" /></diagnostic></diagnostic></diagnostic><diagnostic type="test" string="NullPointerException: did not expect exception java.lang.IllegalArgumentException: SSLContext must not be null" mocklevel="2" reason="did not expect exception java.lang.IllegalArgumentException: SSLContext must not be null" operation="#1865015365 com.aexp.cicdmainframe.hpuftintegration.bvssuite.BuildVerificationRunDetails.doGetBuildVerificationRunDetails(String, String, String) Params: [ref[BuildVerificationRunDetails@1225ab3f/notnull], ref[java.lang.String:&quot;testString&quot;], ref[java.lang.String:&quot;testString&quot;], ref[java.lang.String:&quot;testString&quot;]] Ex: ref[NullPointerException@60ec1970/notnull]" coverage="001111000000000000000000000000000000000000000000000000000 [57]" outcome="java.lang.NullPointerException"><source>// filtered callback (target type): 1 &lt;init>() ref[BuildVerificationRunDetails@1225ab3f/notnull][] = ref[BuildVerificationRunDetails@1225ab3f/notnull] throws ref[NULL] (x1)
// filtered callback (unnecessary): 1 info(Object) ref[Logger@75caf68e/notnull][ref[java.lang.String:"======= 8. BuildVerificationRunDetails for Domain, Project and Entity/BVSId=============="]] = ref[NULL] throws ref[NULL] (x1)
// filtered callback (unnecessary): 1 getProperty(String) ref[java.lang.Class:class java.lang.System][ref[java.lang.String:"build_verification.url"]] = ref[NULL] throws ref[NULL] (x1)
BuildVerificationRunDetails.getInstance().doGetBuildVerificationRunDetails("testString", "testString", "testString");
</source><diagnostic type="error" exception-class="com.agitar.tbe.recorder.a" exception-message="did not expect exception java.lang.IllegalArgumentException: SSLContext must not be null" string="a: &quot;did not expect exception java.lang.IllegalArgumentException: SSLContext must not be null&quot; at kb.a() line 284 at r.a() line 205, caused by IllegalArgumentException: &quot;SSLContext must not be null&quot; at HTTPSProperties.&lt;init>() line 106 at GeneratedConstructorAccessor5.newInstance()"><trace class="com.agitar.tbe.recorder.operations.kb" method="a" line="284" /><trace class="com.agitar.tbe.recorder.operations.r" method="a" line="205" /><trace class="com.agitar.tbe.recorder.operations.f" method="a" line="97" /><trace class="com.agitar.tbe.recorder.gc" method="a" line="252" /><trace class="com.agitar.tbe.recorder.gc" method="f" line="160" /><trace class="com.agitar.tbe.d" method="a" line="50" /><trace class="com.agitar.tbe.j" method="run" line="227" /><diagnostic type="error" exception-class="java.lang.IllegalArgumentException" exception-message="SSLContext must not be null" string="IllegalArgumentException: &quot;SSLContext must not be null&quot; at HTTPSProperties.&lt;init>() line 106 at GeneratedConstructorAccessor5.newInstance()"><trace class="com.sun.jersey.client.urlconnection.HTTPSProperties" method="&lt;init>" line="106" /><trace class="sun.reflect.GeneratedConstructorAccessor5" method="newInstance" /><trace class="sun.reflect.DelegatingConstructorAccessorImpl" method="newInstance" /><trace class="java.lang.reflect.Constructor" method="newInstance" /><trace class="com.agitar.lib.mockingbird.Caller" method="callConstructor" line="343" /><trace class="com.agitar.lib.mockingbird.Caller" method="invokeConstructor" line="453" /><trace class="com.agitar.lib.mockingbird.Caller" method="invoke" line="390" /><trace class="com.agitar.lib.mockingbird.Mockingbird" method="invoke" line="506" /><trace class="com.aexp.cicdmainframe.hpuftintegration.bvssuite.BuildVerificationRunDetails" method="doGetBuildVerificationRunDetails" line="65" /><trace class="sun.reflect.NativeMethodAccessorImpl" method="invoke0" /><trace class="sun.reflect.NativeMethodAccessorImpl" method="invoke" /><trace class="sun.reflect.DelegatingMethodAccessorImpl" method="invoke" /><trace class="java.lang.reflect.Method" method="invoke" /><trace class="com.agitar.tbe.recorder.operations.kb" method="a" line="272" /><trace class="com.agitar.tbe.recorder.operations.r" method="a" line="205" /><trace class="com.agitar.tbe.recorder.operations.f" method="a" line="97" /><trace class="com.agitar.tbe.recorder.gc" method="a" line="252" /><trace class="com.agitar.tbe.recorder.gc" method="f" line="160" /><trace class="com.agitar.tbe.d" method="a" line="50" /><trace class="com.agitar.tbe.j" method="run" line="227" /></diagnostic></diagnostic></diagnostic><diagnostic type="test" string="NullPointerException: for ref[BuildVerificationRunDetails@1225ab3f/notnull] expected &quot;com.aexp.cicdmainframe.hpuftintegration.bvssuite.BuildVerificationRunDetails@a4f4a6c&quot; but got &quot;com.aexp.cicdmainframe.hpuftintegration.bvssuite.BuildVerificationRunDetails@1225ab3f&quot;" mocklevel="3" reason="for ref[BuildVerificationRunDetails@1225ab3f/notnull] expected &quot;com.aexp.cicdmainframe.hpuftintegration.bvssuite.BuildVerificationRunDetails@a4f4a6c&quot; but got &quot;com.aexp.cicdmainframe.hpuftintegration.bvssuite.BuildVerificationRunDetails@1225ab3f&quot;" operation="#589607497 com.aexp.cicdmainframe.hpuftintegration.bvssuite.BuildVerificationRunDetails.getInstance() Params: [] Ret: ref[BuildVerificationRunDetails@1225ab3f/notnull]" coverage="001111000000000000000000000000000000000000000000000000000 [57]" outcome="java.lang.NullPointerException"><source>// filtered callback (target type): 1 &lt;init>() ref[BuildVerificationRunDetails@1225ab3f/notnull][] = ref[BuildVerificationRunDetails@1225ab3f/notnull] throws ref[NULL] (x1)
// filtered callback (unnecessary): 1 info(Object) ref[Logger@75caf68e/notnull][ref[java.lang.String:"======= 8. BuildVerificationRunDetails for Domain, Project and Entity/BVSId=============="]] = ref[NULL] throws ref[NULL] (x1)
// filtered callback (unnecessary): 1 getProperty(String) ref[java.lang.Class:class java.lang.System][ref[java.lang.String:"build_verification.url"]] = ref[NULL] throws ref[NULL] (x1)
BuildVerificationRunDetails.getInstance().doGetBuildVerificationRunDetails("testString", "testString", "testString");
</source><diagnostic type="error" exception-class="com.agitar.tbe.recorder.a" exception-message="for ref[BuildVerificationRunDetails@1225ab3f/notnull] expected &quot;com.aexp.cicdmainframe.hpuftintegration.bvssuite.BuildVerificationRunDetails@a4f4a6c&quot; but got &quot;com.aexp.cicdmainframe.hpuftintegration.bvssuite.BuildVerificationRunDetails@1225ab3f&quot;" string="a: &quot;for ref[BuildVerificationRunDetails@1225ab3f/notnull] expected &quot;com.aexp.cicdmainframe.hpuftintegration.bvssuite.BuildVerificationRunDetails@a4f4a6c&quot; but got &quot;com.aexp.cicdmainframe.hpuftintegration.bvssuite.BuildVerificationRunDetails@1225ab3f&quot;&quot; at w.a() line 78 at kb.a() line 279"><trace class="com.agitar.tbe.recorder.w" method="a" line="78" /><trace class="com.agitar.tbe.recorder.operations.kb" method="a" line="279" /><trace class="com.agitar.tbe.recorder.operations.r" method="a" line="205" /><trace class="com.agitar.tbe.recorder.operations.f" method="a" line="97" /><trace class="com.agitar.tbe.recorder.gc" method="f" line="162" /><trace class="com.agitar.tbe.d" method="a" line="50" /><trace class="com.agitar.tbe.j" method="run" line="227" /></diagnostic></diagnostic><diagnostic type="test" string="NullPointerException: did not expect exception java.lang.IllegalArgumentException: SSLContext must not be null" mocklevel="3" reason="did not expect exception java.lang.IllegalArgumentException: SSLContext must not be null" operation="#1865015365 com.aexp.cicdmainframe.hpuftintegration.bvssuite.BuildVerificationRunDetails.doGetBuildVerificationRunDetails(String, String, String) Params: [ref[BuildVerificationRunDetails@1225ab3f/notnull], ref[java.lang.String:&quot;testString&quot;], ref[java.lang.String:&quot;testString&quot;], ref[java.lang.String:&quot;testString&quot;]] Ex: ref[NullPointerException@60ec1970/notnull]" coverage="001111000000000000000000000000000000000000000000000000000 [57]" outcome="java.lang.NullPointerException"><source>// filtered callback (target type): 1 &lt;init>() ref[BuildVerificationRunDetails@1225ab3f/notnull][] = ref[BuildVerificationRunDetails@1225ab3f/notnull] throws ref[NULL] (x1)
// filtered callback (unnecessary): 1 info(Object) ref[Logger@75caf68e/notnull][ref[java.lang.String:"======= 8. BuildVerificationRunDetails for Domain, Project and Entity/BVSId=============="]] = ref[NULL] throws ref[NULL] (x1)
// filtered callback (unnecessary): 1 getProperty(String) ref[java.lang.Class:class java.lang.System][ref[java.lang.String:"build_verification.url"]] = ref[NULL] throws ref[NULL] (x1)
BuildVerificationRunDetails.getInstance().doGetBuildVerificationRunDetails("testString", "testString", "testString");
</source><diagnostic type="error" exception-class="com.agitar.tbe.recorder.a" exception-message="did not expect exception java.lang.IllegalArgumentException: SSLContext must not be null" string="a: &quot;did not expect exception java.lang.IllegalArgumentException: SSLContext must not be null&quot; at kb.a() line 284 at r.a() line 205, caused by IllegalArgumentException: &quot;SSLContext must not be null&quot; at HTTPSProperties.&lt;init>() line 106 at GeneratedConstructorAccessor5.newInstance()"><trace class="com.agitar.tbe.recorder.operations.kb" method="a" line="284" /><trace class="com.agitar.tbe.recorder.operations.r" method="a" line="205" /><trace class="com.agitar.tbe.recorder.operations.f" method="a" line="97" /><trace class="com.agitar.tbe.recorder.gc" method="a" line="252" /><trace class="com.agitar.tbe.recorder.gc" method="f" line="160" /><trace class="com.agitar.tbe.d" method="a" line="50" /><trace class="com.agitar.tbe.j" method="run" line="227" /><diagnostic type="error" exception-class="java.lang.IllegalArgumentException" exception-message="SSLContext must not be null" string="IllegalArgumentException: &quot;SSLContext must not be null&quot; at HTTPSProperties.&lt;init>() line 106 at GeneratedConstructorAccessor5.newInstance()"><trace class="com.sun.jersey.client.urlconnection.HTTPSProperties" method="&lt;init>" line="106" /><trace class="sun.reflect.GeneratedConstructorAccessor5" method="newInstance" /><trace class="sun.reflect.DelegatingConstructorAccessorImpl" method="newInstance" /><trace class="java.lang.reflect.Constructor" method="newInstance" /><trace class="com.agitar.lib.mockingbird.Caller" method="callConstructor" line="343" /><trace class="com.agitar.lib.mockingbird.Caller" method="invokeConstructor" line="453" /><trace class="com.agitar.lib.mockingbird.Caller" method="invoke" line="390" /><trace class="com.agitar.lib.mockingbird.Mockingbird" method="invoke" line="506" /><trace class="com.aexp.cicdmainframe.hpuftintegration.bvssuite.BuildVerificationRunDetails" method="doGetBuildVerificationRunDetails" line="65" /><trace class="sun.reflect.NativeMethodAccessorImpl" method="invoke0" /><trace class="sun.reflect.NativeMethodAccessorImpl" method="invoke" /><trace class="sun.reflect.DelegatingMethodAccessorImpl" method="invoke" /><trace class="java.lang.reflect.Method" method="invoke" /><trace class="com.agitar.tbe.recorder.operations.kb" method="a" line="272" /><trace class="com.agitar.tbe.recorder.operations.r" method="a" line="205" /><trace class="com.agitar.tbe.recorder.operations.f" method="a" line="97" /><trace class="com.agitar.tbe.recorder.gc" method="a" line="252" /><trace class="com.agitar.tbe.recorder.gc" method="f" line="160" /><trace class="com.agitar.tbe.d" method="a" line="50" /><trace class="com.agitar.tbe.j" method="run" line="227" /></diagnostic></diagnostic></diagnostic><diagnostic type="test" string="NullPointerException: did not expect exception java.lang.IllegalArgumentException: SSLContext must not be null" mocklevel="2" reason="did not expect exception java.lang.IllegalArgumentException: SSLContext must not be null" operation="#1292495432 com.aexp.cicdmainframe.hpuftintegration.bvssuite.BuildVerificationRunDetails.doGetBuildVerificationRunDetails(String, String, String) Params: [ref[BuildVerificationRunDetails@1225ab3f/notnull], ref[java.lang.String:&quot;testString&quot;], ref[java.lang.String:&quot; was not f^ound&quot;], ref[java.lang.String:&quot;testString&quot;]] Ex: ref[NullPointerException@41508995/notnull]" coverage="001111000000000000000000000000000000000000000000000000000 [57]" outcome="java.lang.NullPointerException"><source>// filtered callback (target type): 1 &lt;init>() ref[BuildVerificationRunDetails@1225ab3f/notnull][] = ref[BuildVerificationRunDetails@1225ab3f/notnull] throws ref[NULL] (x1)
// filtered callback (unnecessary): 1 info(Object) ref[Logger@75caf68e/notnull][ref[java.lang.String:"======= 8. BuildVerificationRunDetails for Domain, Project and Entity/BVSId=============="]] = ref[NULL] throws ref[NULL] (x1)
// filtered callback (unnecessary): 1 getProperty(String) ref[java.lang.Class:class java.lang.System][ref[java.lang.String:"build_verification.url"]] = ref[NULL] throws ref[NULL] (x1)
BuildVerificationRunDetails.getInstance().doGetBuildVerificationRunDetails("testString", " was not f^ound", "testString");
</source><diagnostic type="error" exception-class="com.agitar.tbe.recorder.a" exception-message="did not expect exception java.lang.IllegalArgumentException: SSLContext must not be null" string="a: &quot;did not expect exception java.lang.IllegalArgumentException: SSLContext must not be null&quot; at kb.a() line 284 at r.a() line 205, caused by IllegalArgumentException: &quot;SSLContext must not be null&quot; at HTTPSProperties.&lt;init>() line 106 at GeneratedConstructorAccessor5.newInstance()"><trace class="com.agitar.tbe.recorder.operations.kb" method="a" line="284" /><trace class="com.agitar.tbe.recorder.operations.r" method="a" line="205" /><trace class="com.agitar.tbe.recorder.operations.f" method="a" line="97" /><trace class="com.agitar.tbe.recorder.gc" method="a" line="252" /><trace class="com.agitar.tbe.recorder.gc" method="f" line="160" /><trace class="com.agitar.tbe.d" method="a" line="50" /><trace class="com.agitar.tbe.j" method="run" line="227" /><diagnostic type="error" exception-class="java.lang.IllegalArgumentException" exception-message="SSLContext must not be null" string="IllegalArgumentException: &quot;SSLContext must not be null&quot; at HTTPSProperties.&lt;init>() line 106 at GeneratedConstructorAccessor5.newInstance()"><trace class="com.sun.jersey.client.urlconnection.HTTPSProperties" method="&lt;init>" line="106" /><trace class="sun.reflect.GeneratedConstructorAccessor5" method="newInstance" /><trace class="sun.reflect.DelegatingConstructorAccessorImpl" method="newInstance" /><trace class="java.lang.reflect.Constructor" method="newInstance" /><trace class="com.agitar.lib.mockingbird.Caller" method="callConstructor" line="343" /><trace class="com.agitar.lib.mockingbird.Caller" method="invokeConstructor" line="453" /><trace class="com.agitar.lib.mockingbird.Caller" method="invoke" line="390" /><trace class="com.agitar.lib.mockingbird.Mockingbird" method="invoke" line="506" /><trace class="com.aexp.cicdmainframe.hpuftintegration.bvssuite.BuildVerificationRunDetails" method="doGetBuildVerificationRunDetails" line="65" /><trace class="sun.reflect.NativeMethodAccessorImpl" method="invoke0" /><trace class="sun.reflect.NativeMethodAccessorImpl" method="invoke" /><trace class="sun.reflect.DelegatingMethodAccessorImpl" method="invoke" /><trace class="java.lang.reflect.Method" method="invoke" /><trace class="com.agitar.tbe.recorder.operations.kb" method="a" line="272" /><trace class="com.agitar.tbe.recorder.operations.r" method="a" line="205" /><trace class="com.agitar.tbe.recorder.operations.f" method="a" line="97" /><trace class="com.agitar.tbe.recorder.gc" method="a" line="252" /><trace class="com.agitar.tbe.recorder.gc" method="f" line="160" /><trace class="com.agitar.tbe.d" method="a" line="50" /><trace class="com.agitar.tbe.j" method="run" line="227" /></diagnostic></diagnostic></diagnostic><diagnostic type="test" string="NullPointerException: for ref[BuildVerificationRunDetails@1225ab3f/notnull] expected &quot;com.aexp.cicdmainframe.hpuftintegration.bvssuite.BuildVerificationRunDetails@fcea3a4&quot; but got &quot;com.aexp.cicdmainframe.hpuftintegration.bvssuite.BuildVerificationRunDetails@1225ab3f&quot;" mocklevel="3" reason="for ref[BuildVerificationRunDetails@1225ab3f/notnull] expected &quot;com.aexp.cicdmainframe.hpuftintegration.bvssuite.BuildVerificationRunDetails@fcea3a4&quot; but got &quot;com.aexp.cicdmainframe.hpuftintegration.bvssuite.BuildVerificationRunDetails@1225ab3f&quot;" operation="#1070038681 com.aexp.cicdmainframe.hpuftintegration.bvssuite.BuildVerificationRunDetails.getInstance() Params: [] Ret: ref[BuildVerificationRunDetails@1225ab3f/notnull]" coverage="001111000000000000000000000000000000000000000000000000000 [57]" outcome="java.lang.NullPointerException"><source>// filtered callback (target type): 1 &lt;init>() ref[BuildVerificationRunDetails@1225ab3f/notnull][] = ref[BuildVerificationRunDetails@1225ab3f/notnull] throws ref[NULL] (x1)
// filtered callback (unnecessary): 1 info(Object) ref[Logger@75caf68e/notnull][ref[java.lang.String:"======= 8. BuildVerificationRunDetails for Domain, Project and Entity/BVSId=============="]] = ref[NULL] throws ref[NULL] (x1)
// filtered callback (unnecessary): 1 getProperty(String) ref[java.lang.Class:class java.lang.System][ref[java.lang.String:"build_verification.url"]] = ref[NULL] throws ref[NULL] (x1)
BuildVerificationRunDetails.getInstance().doGetBuildVerificationRunDetails("testString", " was not f^ound", "testString");
</source><diagnostic type="error" exception-class="com.agitar.tbe.recorder.a" exception-message="for ref[BuildVerificationRunDetails@1225ab3f/notnull] expected &quot;com.aexp.cicdmainframe.hpuftintegration.bvssuite.BuildVerificationRunDetails@fcea3a4&quot; but got &quot;com.aexp.cicdmainframe.hpuftintegration.bvssuite.BuildVerificationRunDetails@1225ab3f&quot;" string="a: &quot;for ref[BuildVerificationRunDetails@1225ab3f/notnull] expected &quot;com.aexp.cicdmainframe.hpuftintegration.bvssuite.BuildVerificationRunDetails@fcea3a4&quot; but got &quot;com.aexp.cicdmainframe.hpuftintegration.bvssuite.BuildVerificationRunDetails@1225ab3f&quot;&quot; at w.a() line 78 at kb.a() line 279"><trace class="com.agitar.tbe.recorder.w" method="a" line="78" /><trace class="com.agitar.tbe.recorder.operations.kb" method="a" line="279" /><trace class="com.agitar.tbe.recorder.operations.r" method="a" line="205" /><trace class="com.agitar.tbe.recorder.operations.f" method="a" line="97" /><trace class="com.agitar.tbe.recorder.gc" method="f" line="162" /><trace class="com.agitar.tbe.d" method="a" line="50" /><trace class="com.agitar.tbe.j" method="run" line="227" /></diagnostic></diagnostic><diagnostic type="test" string="NullPointerException: did not expect exception java.lang.IllegalArgumentException: SSLContext must not be null" mocklevel="3" reason="did not expect exception java.lang.IllegalArgumentException: SSLContext must not be null" operation="#1292495432 com.aexp.cicdmainframe.hpuftintegration.bvssuite.BuildVerificationRunDetails.doGetBuildVerificationRunDetails(String, String, String) Params: [ref[BuildVerificationRunDetails@1225ab3f/notnull], ref[java.lang.String:&quot;testString&quot;], ref[java.lang.String:&quot; was not f^ound&quot;], ref[java.lang.String:&quot;testString&quot;]] Ex: ref[NullPointerException@41508995/notnull]" coverage="001111000000000000000000000000000000000000000000000000000 [57]" outcome="java.lang.NullPointerException"><source>// filtered callback (target type): 1 &lt;init>() ref[BuildVerificationRunDetails@1225ab3f/notnull][] = ref[BuildVerificationRunDetails@1225ab3f/notnull] throws ref[NULL] (x1)
// filtered callback (unnecessary): 1 info(Object) ref[Logger@75caf68e/notnull][ref[java.lang.String:"======= 8. BuildVerificationRunDetails for Domain, Project and Entity/BVSId=============="]] = ref[NULL] throws ref[NULL] (x1)
// filtered callback (unnecessary): 1 getProperty(String) ref[java.lang.Class:class java.lang.System][ref[java.lang.String:"build_verification.url"]] = ref[NULL] throws ref[NULL] (x1)
BuildVerificationRunDetails.getInstance().doGetBuildVerificationRunDetails("testString", " was not f^ound", "testString");
</source><diagnostic type="error" exception-class="com.agitar.tbe.recorder.a" exception-message="did not expect exception java.lang.IllegalArgumentException: SSLContext must not be null" string="a: &quot;did not expect exception java.lang.IllegalArgumentException: SSLContext must not be null&quot; at kb.a() line 284 at r.a() line 205, caused by IllegalArgumentException: &quot;SSLContext must not be null&quot; at HTTPSProperties.&lt;init>() line 106 at GeneratedConstructorAccessor5.newInstance()"><trace class="com.agitar.tbe.recorder.operations.kb" method="a" line="284" /><trace class="com.agitar.tbe.recorder.operations.r" method="a" line="205" /><trace class="com.agitar.tbe.recorder.operations.f" method="a" line="97" /><trace class="com.agitar.tbe.recorder.gc" method="a" line="252" /><trace class="com.agitar.tbe.recorder.gc" method="f" line="160" /><trace class="com.agitar.tbe.d" method="a" line="50" /><trace class="com.agitar.tbe.j" method="run" line="227" /><diagnostic type="error" exception-class="java.lang.IllegalArgumentException" exception-message="SSLContext must not be null" string="IllegalArgumentException: &quot;SSLContext must not be null&quot; at HTTPSProperties.&lt;init>() line 106 at GeneratedConstructorAccessor5.newInstance()"><trace class="com.sun.jersey.client.urlconnection.HTTPSProperties" method="&lt;init>" line="106" /><trace class="sun.reflect.GeneratedConstructorAccessor5" method="newInstance" /><trace class="sun.reflect.DelegatingConstructorAccessorImpl" method="newInstance" /><trace class="java.lang.reflect.Constructor" method="newInstance" /><trace class="com.agitar.lib.mockingbird.Caller" method="callConstructor" line="343" /><trace class="com.agitar.lib.mockingbird.Caller" method="invokeConstructor" line="453" /><trace class="com.agitar.lib.mockingbird.Caller" method="invoke" line="390" /><trace class="com.agitar.lib.mockingbird.Mockingbird" method="invoke" line="506" /><trace class="com.aexp.cicdmainframe.hpuftintegration.bvssuite.BuildVerificationRunDetails" method="doGetBuildVerificationRunDetails" line="65" /><trace class="sun.reflect.NativeMethodAccessorImpl" method="invoke0" /><trace class="sun.reflect.NativeMethodAccessorImpl" method="invoke" /><trace class="sun.reflect.DelegatingMethodAccessorImpl" method="invoke" /><trace class="java.lang.reflect.Method" method="invoke" /><trace class="com.agitar.tbe.recorder.operations.kb" method="a" line="272" /><trace class="com.agitar.tbe.recorder.operations.r" method="a" line="205" /><trace class="com.agitar.tbe.recorder.operations.f" method="a" line="97" /><trace class="com.agitar.tbe.recorder.gc" method="a" line="252" /><trace class="com.agitar.tbe.recorder.gc" method="f" line="160" /><trace class="com.agitar.tbe.d" method="a" line="50" /><trace class="com.agitar.tbe.j" method="run" line="227" /></diagnostic></diagnostic></diagnostic><diagnostic type="test" string="Normal: did not expect exception java.lang.NullPointerException" mocklevel="5" reason="did not expect exception java.lang.NullPointerException" operation="#850043241 com.aexp.cicdmainframe.hpuftintegration.bvssuite.BuildVerificationRunDetails.doGetBuildVerificationRunDetails(String, String, String) Params: [ref[#68], ref[java.lang.String:&quot;&quot;], ref[java.lang.String:&quot;&quot;], ref[java.lang.String:&quot;&quot;]] Ret: ref[#9f]" coverage="001111111111111110000000000000000000000000000000000000000 [57]" outcome="Normal"><source>storeStaticField(BuildVerificationRunDetails.class, "logger");
storeStaticField(BuildVerificationRunDetails.class, "authenticationMap");
BuildVerificationRunDetails buildVerificationRunDetails = (BuildVerificationRunDetails) Mockingbird.getProxyObject(BuildVerificationRunDetails.class, true);
Map map = (Map) Mockingbird.getProxyObject(Map.class);
Map map2 = (Map) Mockingbird.getProxyObject(Map.class);
HPUFTIntegrationUtil hPUFTIntegrationUtil = (HPUFTIntegrationUtil) Mockingbird.getProxyObject(HPUFTIntegrationUtil.class);
Client client = (Client) Mockingbird.getProxyObject(Client.class);
WebResource webResource = (WebResource) Mockingbird.getProxyObject(WebResource.class);
WebResource webResource2 = (WebResource) Mockingbird.getProxyObject(WebResource.class);
WebResource webResource3 = (WebResource) Mockingbird.getProxyObject(WebResource.class);
WebResource webResource4 = (WebResource) Mockingbird.getProxyObject(WebResource.class);
WebResource webResource5 = (WebResource) Mockingbird.getProxyObject(WebResource.class);
WebResource webResource6 = (WebResource) Mockingbird.getProxyObject(WebResource.class);
WebResource webResource7 = (WebResource) Mockingbird.getProxyObject(WebResource.class);
URI uRI = (URI) Mockingbird.getProxyObject(URI.class);
WebResource.Builder builder = (WebResource.Builder) Mockingbird.getProxyObject(WebResource.Builder.class);
WebResource.Builder builder2 = (WebResource.Builder) Mockingbird.getProxyObject(WebResource.Builder.class);
WebResource.Builder builder3 = (WebResource.Builder) Mockingbird.getProxyObject(WebResource.Builder.class);
ClientResponse clientResponse = (ClientResponse) Mockingbird.getProxyObject(ClientResponse.class);
JAXBContext jAXBContext = (JAXBContext) Mockingbird.getProxyObject(JAXBContext.class);
Unmarshaller unmarshaller = (Unmarshaller) Mockingbird.getProxyObject(Unmarshaller.class);
JAXBException jAXBException = (JAXBException) Mockingbird.getProxyObject(JAXBException.class);
BuildVerificationRunDetails.authenticationMap = map;
setPrivateField(BuildVerificationRunDetails.class, "logger", Mockingbird.getProxyObject(Logger.class));
Mockingbird.enterRecordingMode();
Object[] objects = new Object[0];
Mockingbird.setReturnValue(true, System.class, "getProperty", "(java.lang.String)java.lang.String", objects, "", 1);
setPrivateField(webResource7, "u", uRI);
Mockingbird.setReturnValue(map.get("LWSSO_COOKIE_VALUE"), "");
Mockingbird.setReturnValue(map.get("credentials"), "");
Mockingbird.setReturnValue(false, Mockingbird.getProxyObject(StringBuilder.class), "toString", "()java.lang.String", "", 1);
Mockingbird.setReturnValue(false, Mockingbird.getProxyObject(StringBuilder.class), "toString", "()java.lang.String", "", 1);
Mockingbird.setReturnValue(false, Mockingbird.getProxyObject(StringBuilder.class), "toString", "()java.lang.String", "", 1);
DefaultClientConfig defaultClientConfig = (DefaultClientConfig) Mockingbird.getProxyObject(DefaultClientConfig.class);
Mockingbird.replaceObjectForRecording(DefaultClientConfig.class, "&lt;init>()", defaultClientConfig);
Mockingbird.setReturnValue(HPUFTIntegrationUtil.getInstance(), hPUFTIntegrationUtil);
setPrivateField(defaultClientConfig, "properties", map2);
Mockingbird.setReturnValue(hPUFTIntegrationUtil.getSSLContext(), null);
Object[] objects2 = new Object[0];
Mockingbird.setReturnValue(true, HttpsURLConnection.class, "getDefaultHostnameVerifier", "()javax.net.ssl.HostnameVerifier", objects2, null, 1);
Mockingbird.replaceObjectForRecording(HTTPSProperties.class, "&lt;init>(javax.net.ssl.HostnameVerifier,javax.net.ssl.SSLContext)", Mockingbird.getProxyObject(HTTPSProperties.class));
Mockingbird.setReturnValue(false, map2, "put", "(java.lang.Object,java.lang.Object)java.lang.Object", null, 1);
Mockingbird.setReturnValue(Client.create(defaultClientConfig), client);
MultivaluedMapImpl multivaluedMapImpl = (MultivaluedMapImpl) Mockingbird.getProxyObject(MultivaluedMapImpl.class);
Mockingbird.replaceObjectForRecording(MultivaluedMapImpl.class, "&lt;init>()", multivaluedMapImpl);
Mockingbird.setReturnValue(false, Mockingbird.getProxyObject(StringBuilder.class), "toString", "()java.lang.String", "", 1);
Mockingbird.setReturnValue(false, multivaluedMapImpl, "add", "(java.lang.Object,java.lang.Object)void", null, 1);
Mockingbird.setReturnValue(false, client, "resource", "(java.lang.String)com.sun.jersey.api.client.WebResource", webResource, 1);
Mockingbird.setReturnValue(webResource.path("domains"), webResource2);
Mockingbird.setReturnValue(false, webResource2, "path", "(java.lang.String)com.sun.jersey.api.client.WebResource", webResource3, 1);
Mockingbird.setReturnValue(webResource3.path("projects"), webResource4);
Mockingbird.setReturnValue(false, webResource4, "path", "(java.lang.String)com.sun.jersey.api.client.WebResource", webResource5, 1);
Mockingbird.setReturnValue(webResource5.path("procedure-testset-instance-runs"), webResource6);
Mockingbird.setReturnValue(webResource6.queryParams(multivaluedMapImpl), webResource7);
Mockingbird.setReturnValue(false, uRI, "toString", "()java.lang.String", "", 1);
Mockingbird.setReturnValue(false, Mockingbird.getProxyObject(StringBuilder.class), "toString", "()java.lang.String", "", 1);
Mockingbird.setReturnValue(false, webResource7, "accept", "(java.lang.String[])com.sun.jersey.api.client.WebResource$Builder", builder, 1);
Mockingbird.setReturnValue(false, Mockingbird.getProxyObject(StringBuilder.class), "toString", "()java.lang.String", "", 1);
Mockingbird.setReturnValue(false, builder, "header", "(java.lang.String,java.lang.Object)com.sun.jersey.api.client.RequestBuilder", builder2, 1);
Mockingbird.setReturnValue(false, builder2, "header", "(java.lang.String,java.lang.Object)com.sun.jersey.api.client.RequestBuilder", builder3, 1);
Mockingbird.setReturnValue(builder3.get(ClientResponse.class), clientResponse);
Mockingbird.setReturnValue(clientResponse.getStatus(), 200);
Mockingbird.setReturnValue(clientResponse.getStatus(), 201);
Mockingbird.setReturnValue(clientResponse.getEntity(String.class), "");
Mockingbird.setReturnValue(true, JAXBContext.class, "newInstance", "(java.lang.Class[])javax.xml.bind.JAXBContext", jAXBContext, 1);
Mockingbird.setReturnValue(jAXBContext.createUnmarshaller(), unmarshaller);
Mockingbird.replaceObjectForRecording(StringReader.class, "&lt;init>(java.lang.String)", Mockingbird.getProxyObject(StringReader.class));
Source streamSource = new StreamSource();
Mockingbird.replaceObjectForRecording(StreamSource.class, "&lt;init>(java.io.Reader)", streamSource);
Mockingbird.setException(unmarshaller.unmarshal(streamSource, Entities.class), jAXBException);
Object[] objects3 = new Object[0];
Mockingbird.setReturnValue(false, jAXBException, "printStackTrace", "()void", objects3, null, 1);
Mockingbird.enterTestMode(BuildVerificationRunDetails.class);
Mockingbird.enterTestMode(BuildVerificationRunDetails.class);
buildVerificationRunDetails.doGetBuildVerificationRunDetails("", "", "");
</source><diagnostic type="error" exception-class="com.agitar.tbe.recorder.a" exception-message="did not expect exception java.lang.NullPointerException" string="a: &quot;did not expect exception java.lang.NullPointerException&quot; at kb.a() line 284 at gc.a() line 252, caused by NullPointerException at HashMap.getEntry() at HashMap.get()"><trace class="com.agitar.tbe.recorder.operations.kb" method="a" line="284" /><trace class="com.agitar.tbe.recorder.gc" method="a" line="252" /><trace class="com.agitar.tbe.recorder.gc" method="f" line="160" /><trace class="com.agitar.tbe.d" method="a" line="50" /><trace class="com.agitar.tbe.j" method="run" line="227" /><diagnostic type="error" exception-class="java.lang.NullPointerException" string="NullPointerException at HashMap.getEntry() at HashMap.get()"><trace class="java.util.HashMap" method="getEntry" /><trace class="java.util.HashMap" method="get" /><trace class="com.sun.jersey.core.util.MultivaluedMapImpl" method="get" /><trace class="com.sun.jersey.core.util.MultivaluedMapImpl" method="getList" line="157" /><trace class="com.sun.jersey.core.util.MultivaluedMapImpl" method="add" line="86" /><trace class="com.sun.jersey.core.util.MultivaluedMapImpl" method="add" line="57" /><trace class="sun.reflect.NativeMethodAccessorImpl" method="invoke0" /><trace class="sun.reflect.NativeMethodAccessorImpl" method="invoke" /><trace class="sun.reflect.DelegatingMethodAccessorImpl" method="invoke" /><trace class="java.lang.reflect.Method" method="invoke" /><trace class="com.agitar.lib.mockingbird.invocation.Invoke" method="execute" line="58" /><trace class="com.agitar.lib.mockingbird.Caller" method="checkThreadStart" line="427" /><trace class="com.agitar.lib.mockingbird.Caller" method="invoke" line="418" /><trace class="com.agitar.lib.mockingbird.Mockingbird" method="invoke" line="506" /><trace class="com.aexp.cicdmainframe.hpuftintegration.bvssuite.BuildVerificationRunDetails" method="doGetBuildVerificationRunDetails" line="69" /><trace class="sun.reflect.GeneratedMethodAccessor22" method="invoke" /><trace class="sun.reflect.DelegatingMethodAccessorImpl" method="invoke" /><trace class="java.lang.reflect.Method" method="invoke" /><trace class="com.agitar.tbe.recorder.operations.kb" method="a" line="272" /><trace class="com.agitar.tbe.recorder.gc" method="a" line="252" /><trace class="com.agitar.tbe.recorder.gc" method="f" line="160" /><trace class="com.agitar.tbe.d" method="a" line="50" /><trace class="com.agitar.tbe.j" method="run" line="227" /></diagnostic></diagnostic></diagnostic><diagnostic type="test" string="Normal: did not expect exception java.lang.NullPointerException" mocklevel="5" reason="did not expect exception java.lang.NullPointerException" operation="#470678162 com.aexp.cicdmainframe.hpuftintegration.bvssuite.BuildVerificationRunDetails.doGetBuildVerificationRunDetails(String, String, String) Params: [ref[#a0], ref[java.lang.String:&quot;&quot;], ref[java.lang.String:&quot;&quot;], ref[java.lang.String:&quot;&quot;]] Ret: ref[#d9]" coverage="001111111111111110000000000000000000000000000000000000000 [57]" outcome="Normal"><diagnostic type="error" exception-class="com.agitar.tbe.recorder.a" exception-message="did not expect exception java.lang.NullPointerException" string="a: &quot;did not expect exception java.lang.NullPointerException&quot; at kb.a() line 284 at gc.a() line 252, caused by NullPointerException at HashMap.getEntry() at HashMap.get()"><trace class="com.agitar.tbe.recorder.operations.kb" method="a" line="284" /><trace class="com.agitar.tbe.recorder.gc" method="a" line="252" /><trace class="com.agitar.tbe.recorder.gc" method="f" line="160" /><trace class="com.agitar.tbe.d" method="a" line="50" /><trace class="com.agitar.tbe.j" method="run" line="227" /><diagnostic type="error" exception-class="java.lang.NullPointerException" string="NullPointerException at HashMap.getEntry() at HashMap.get()"><trace class="java.util.HashMap" method="getEntry" /><trace class="java.util.HashMap" method="get" /><trace class="com.sun.jersey.core.util.MultivaluedMapImpl" method="get" /><trace class="com.sun.jersey.core.util.MultivaluedMapImpl" method="getList" line="157" /><trace class="com.sun.jersey.core.util.MultivaluedMapImpl" method="add" line="86" /><trace class="com.sun.jersey.core.util.MultivaluedMapImpl" method="add" line="57" /><trace class="sun.reflect.NativeMethodAccessorImpl" method="invoke0" /><trace class="sun.reflect.NativeMethodAccessorImpl" method="invoke" /><trace class="sun.reflect.DelegatingMethodAccessorImpl" method="invoke" /><trace class="java.lang.reflect.Method" method="invoke" /><trace class="com.agitar.lib.mockingbird.invocation.Invoke" method="execute" line="58" /><trace class="com.agitar.lib.mockingbird.Caller" method="checkThreadStart" line="427" /><trace class="com.agitar.lib.mockingbird.Caller" method="invoke" line="418" /><trace class="com.agitar.lib.mockingbird.Mockingbird" method="invoke" line="506" /><trace class="com.aexp.cicdmainframe.hpuftintegration.bvssuite.BuildVerificationRunDetails" method="doGetBuildVerificationRunDetails" line="69" /><trace class="sun.reflect.GeneratedMethodAccessor22" method="invoke" /><trace class="sun.reflect.DelegatingMethodAccessorImpl" method="invoke" /><trace class="java.lang.reflect.Method" method="invoke" /><trace class="com.agitar.tbe.recorder.operations.kb" method="a" line="272" /><trace class="com.agitar.tbe.recorder.gc" method="a" line="252" /><trace class="com.agitar.tbe.recorder.gc" method="f" line="160" /><trace class="com.agitar.tbe.d" method="a" line="50" /><trace class="com.agitar.tbe.j" method="run" line="227" /></diagnostic></diagnostic></diagnostic><diagnostic type="test" string="Normal: did not expect exception java.lang.NullPointerException" mocklevel="5" reason="did not expect exception java.lang.NullPointerException" operation="#1197975486 com.aexp.cicdmainframe.hpuftintegration.bvssuite.BuildVerificationRunDetails.doGetBuildVerificationRunDetails(String, String, String) Params: [ref[#da], ref[java.lang.String:&quot;&quot;], ref[java.lang.String:&quot;&quot;], ref[java.lang.String:&quot;&quot;]] Ret: ref[#116]" coverage="001111111111111110000000000000000000000000000000000000000 [57]" outcome="Normal"><diagnostic type="error" exception-class="com.agitar.tbe.recorder.a" exception-message="did not expect exception java.lang.NullPointerException" string="a: &quot;did not expect exception java.lang.NullPointerException&quot; at kb.a() line 284 at gc.a() line 252, caused by NullPointerException at HashMap.getEntry() at HashMap.get()"><trace class="com.agitar.tbe.recorder.operations.kb" method="a" line="284" /><trace class="com.agitar.tbe.recorder.gc" method="a" line="252" /><trace class="com.agitar.tbe.recorder.gc" method="f" line="160" /><trace class="com.agitar.tbe.d" method="a" line="50" /><trace class="com.agitar.tbe.j" method="run" line="227" /><diagnostic type="error" exception-class="java.lang.NullPointerException" string="NullPointerException at HashMap.getEntry() at HashMap.get()"><trace class="java.util.HashMap" method="getEntry" /><trace class="java.util.HashMap" method="get" /><trace class="com.sun.jersey.core.util.MultivaluedMapImpl" method="get" /><trace class="com.sun.jersey.core.util.MultivaluedMapImpl" method="getList" line="157" /><trace class="com.sun.jersey.core.util.MultivaluedMapImpl" method="add" line="86" /><trace class="com.sun.jersey.core.util.MultivaluedMapImpl" method="add" line="57" /><trace class="sun.reflect.NativeMethodAccessorImpl" method="invoke0" /><trace class="sun.reflect.NativeMethodAccessorImpl" method="invoke" /><trace class="sun.reflect.DelegatingMethodAccessorImpl" method="invoke" /><trace class="java.lang.reflect.Method" method="invoke" /><trace class="com.agitar.lib.mockingbird.invocation.Invoke" method="execute" line="58" /><trace class="com.agitar.lib.mockingbird.Caller" method="checkThreadStart" line="427" /><trace class="com.agitar.lib.mockingbird.Caller" method="invoke" line="418" /><trace class="com.agitar.lib.mockingbird.Mockingbird" method="invoke" line="506" /><trace class="com.aexp.cicdmainframe.hpuftintegration.bvssuite.BuildVerificationRunDetails" method="doGetBuildVerificationRunDetails" line="69" /><trace class="sun.reflect.GeneratedMethodAccessor22" method="invoke" /><trace class="sun.reflect.DelegatingMethodAccessorImpl" method="invoke" /><trace class="java.lang.reflect.Method" method="invoke" /><trace class="com.agitar.tbe.recorder.operations.kb" method="a" line="272" /><trace class="com.agitar.tbe.recorder.gc" method="a" line="252" /><trace class="com.agitar.tbe.recorder.gc" method="f" line="160" /><trace class="com.agitar.tbe.d" method="a" line="50" /><trace class="com.agitar.tbe.j" method="run" line="227" /></diagnostic></diagnostic></diagnostic></diagnostic><diagnostic type="number" number="30.0" string="30" key="class.proximity" class="InBoundHeaders" package="com.sun.jersey.core.header" /><diagnostic type="number" number="30.0" string="30" key="class.proximity" class="Unmarshaller$Listener" package="javax.xml.bind" /><diagnostic type="string" string="3513" key="timing.Analysis" /><diagnostic type="string" string="1217" key="timing.Boundary" /><diagnostic type="string" string="Mock level: 0" key="test.created" fullmethod="testConstructor()" method="testConstructor()" class="BuildVerificationRunDetailsAgitarTest" package="com.aexp.cicdmainframe.hpuftintegration.bvssuite" /><diagnostic type="number" number="30.0" string="30" key="class.proximity" class="KeyManagerFactory" package="javax.net.ssl" /><diagnostic type="number" number="30.0" string="30" key="class.proximity" class="Entities" package="com.aexp.cicdmainframe.hpuftintegration.bvssuite" /><diagnostic type="number" number="30.0" string="30" key="class.proximity" class="MessageBodyReader" package="javax.ws.rs.ext" /><diagnostic type="number" number="30.0" string="30" key="class.proximity" class="WebResourceLinkHeaders" package="com.sun.jersey.api.client" /><diagnostic type="number" number="30.0" string="30" key="class.proximity" class="SSLContext" package="javax.net.ssl" /><diagnostic type="number" number="30.0" string="30" key="class.proximity" class="SSLSocketFactory" package="javax.net.ssl" /><diagnostic type="number" number="30.0" string="30" key="class.proximity" class="Field" package="com.aexp.cicdmainframe.hpuftintegration.bvssuite" /><diagnostic type="list" key="java.vmargs"><diagnostic type="string" string="-Xmx1024m" /><diagnostic type="string" string="-Duser.language=en" /><diagnostic type="string" string="-Djava.awt.headless=true" /><diagnostic type="string" string="-Duser.country=US" /><diagnostic type="string" string="-Dagitar.test.gen.source.folder=test" /><diagnostic type="string" string="-Djava5.home=/opt/agitar/agitarOne/platforms/linux/x86_64/java/Sun/1.5" /><diagnostic type="string" string="-Dagitar.time.scaling.factor=1" /><diagnostic type="string" string="-Dagitar.job.md5=8997419b00b2b96eecef98cc31de776a" /></diagnostic><diagnostic type="fraction" numerator="15" denominator="50" number="0.3" string="15/50 (30%)" key="coverage.final" fullmethod="doGetBuildVerificationRunDetails(java.lang.String param1, java.lang.String param2, java.lang.String param3)" method="doGetBuildVerificationRunDetails(String, String, String)" class="BuildVerificationRunDetails" package="com.aexp.cicdmainframe.hpuftintegration.bvssuite" /><diagnostic type="fraction" numerator="1" denominator="1" number="1.0" string="1/1 (100%)" key="mockingbird.ratio" class="DefaultClientConfig" package="com.sun.jersey.api.client.config" /><diagnostic type="number" number="30.0" string="30" key="class.proximity" class="ClientResponse$Status" package="com.sun.jersey.api.client" /><diagnostic type="number" number="30.0" string="30" key="class.proximity" class="UniformInterfaceException" package="com.sun.jersey.api.client" /><diagnostic type="number" number="30.0" string="30" key="class.proximity" class="WebResource" package="com.sun.jersey.api.client" /><diagnostic type="fraction" numerator="3" denominator="3" number="1.0" string="3/3 (100%)" key="mockingbird.ratio" class="WebResource$Builder" package="com.sun.jersey.api.client" /><diagnostic type="number" number="65.0" string="65" key="class.proximity" class="StreamSource" package="javax.xml.transform.stream" /><diagnostic type="string" string="Agitar internal" key="helpers.unused.internal.classes" class="SetupHelper" package="com.agitar.lib" /><diagnostic type="string" string="0" key="timing.Cov%" /><diagnostic type="string" string="Mock level: 0" key="test.created" fullmethod="testGetInstance()" method="testGetInstance()" class="BuildVerificationRunDetailsAgitarTest" package="com.aexp.cicdmainframe.hpuftintegration.bvssuite" /><diagnostic type="number" number="30.0" string="30" key="class.proximity" class="Client" package="com.sun.jersey.api.client" /><diagnostic type="list" key="classpath.extension"><diagnostic type="string" string="plugins/com.agitar.eclipse.api_6.0.0.000016/lib/ext/org.agitar.mock5.jar" /><diagnostic type="string" string="plugins/com.agitar.agitator_6.0.0.000016/lib/ext/com.agitar.enterprise5.jar" /></diagnostic><diagnostic type="number" number="30.0" string="30" key="class.proximity" class="ClientRequest" package="com.sun.jersey.api.client" /><diagnostic type="number" number="65.0" string="65" key="class.proximity" class="ClientResponse" package="com.sun.jersey.api.client" /><diagnostic type="number" number="30.0" string="30" key="class.proximity" class="GenericType" package="com.sun.jersey.api.client" /><diagnostic type="fraction" numerator="1" denominator="1" number="1.0" string="1/1 (100%)" key="mockingbird.ratio" class="Logger" package="org.apache.log4j" /><diagnostic type="fraction" numerator="2" denominator="8" number="0.25" string="2/8 (25%)" key="mockingbird.ratio" class="BuildVerificationRunDetails" package="com.aexp.cicdmainframe.hpuftintegration.bvssuite" /><diagnostic type="number" number="30.0" string="30" key="class.proximity" class="Source" package="javax.xml.transform" /><diagnostic type="number" number="1.0" string="1" key="complexity" fullmethod="&lt;init>()" method="&lt;init>()" class="BuildVerificationRunDetails" package="com.aexp.cicdmainframe.hpuftintegration.bvssuite" /><diagnostic type="number" number="30.0" string="30" key="class.proximity" class="ClientRequestImpl" package="com.sun.jersey.client.impl" /><diagnostic type="string" string="agitar/config" key="config.path" /><diagnostic type="number" number="65.0" string="65" key="class.proximity" class="JAXBContext" package="javax.xml.bind" /><diagnostic type="number" number="8.0" string="8" key="complexity" class="BuildVerificationRunDetails" package="com.aexp.cicdmainframe.hpuftintegration.bvssuite" /><diagnostic type="number" number="8.0" string="8" key="thread.count.initial" /><diagnostic type="string" string="unchanged" key="coverage.testgen.delta" class="BuildVerificationRunDetails" package="com.aexp.cicdmainframe.hpuftintegration.bvssuite" /><diagnostic type="number" number="30.0" string="30" key="class.proximity" class="JAXBException" package="javax.xml.bind" /><diagnostic type="fraction" numerator="1" denominator="1" number="1.0" string="1/1 (100%)" key="mockingbird.ratio" class="ClientResponse" package="com.sun.jersey.api.client" /><diagnostic type="number" number="100.0" string="100" key="class.proximity" class="BuildVerificationRunDetails" package="com.aexp.cicdmainframe.hpuftintegration.bvssuite" /><diagnostic type="number" number="30.0" string="30" key="class.proximity" class="Logger" package="org.apache.log4j" /><diagnostic type="number" number="30.0" string="30" key="class.proximity" class="Entity" package="com.aexp.cicdmainframe.hpuftintegration.bvssuite" /><diagnostic type="number" number="30.0" string="30" key="class.proximity" class="MessageBodyWorkers" package="com.sun.jersey.spi" /><diagnostic type="string" string="true v2 != null" key="mockitator.skip.edge" fullmethod="getInstance()" method="getInstance()" class="BuildVerificationRunDetails" package="com.aexp.cicdmainframe.hpuftintegration.bvssuite" /><diagnostic type="number" number="734.0" string="734" key="memory.available.final" /><diagnostic type="number" number="65.0" string="65" key="class.proximity" class="HPUFTIntegrationBase" package="com.aexp.cicdmainframe.hpuftintegration" /><diagnostic type="number" number="65.0" string="65" key="class.proximity" class="Unmarshaller" package="javax.xml.bind" /><diagnostic type="number" number="30.0" string="30" key="class.proximity" class="JAXBElement$GlobalScope" package="javax.xml.bind" /><diagnostic type="test" string="Unknown: null" mocklevel="0" outcome="Unknown" key="test.failing" fullmethod="unknown()" method="unknown()" class="Unknown" package=""><diagnostic type="error" log-message="Private method &lt;com.aexp.cicdmainframe.hpuftintegration.bvssuite.BuildVerificationRunDetails.&lt;init>()> already fully covered" string="Private method &lt;com.aexp.cicdmainframe.hpuftintegration.bvssuite.BuildVerificationRunDetails.&lt;init>()> already fully covered" /></diagnostic><diagnostic type="fraction" numerator="1" denominator="2" number="0.5" string="1/2 (50%)" key="mockingbird.ratio" class="Client" package="com.sun.jersey.api.client" /><diagnostic type="string" string="2352" key="timing.Instrumentation" /><diagnostic type="number" number="30.0" string="30" key="class.proximity" class="XmlRootElement" package="javax.xml.bind.annotation" /><diagnostic type="number" number="30.0" string="30" key="class.proximity" class="RuntimeDelegate" package="javax.ws.rs.ext" /><diagnostic type="fraction" numerator="15" denominator="50" number="0.3" string="15/50 (30%)" key="coverage.testgen" fullmethod="doGetBuildVerificationRunDetails(java.lang.String param1, java.lang.String param2, java.lang.String param3)" method="doGetBuildVerificationRunDetails(String, String, String)" class="BuildVerificationRunDetails" package="com.aexp.cicdmainframe.hpuftintegration.bvssuite" /><diagnostic type="fraction" numerator="0" denominator="4" number="0.0" string="0/4 (0%)" key="mockingbird.ratio" class="Object[]" package="java.lang" /><diagnostic type="string" string="6601" key="timing.Normal" /><diagnostic type="fraction" numerator="18" denominator="58" number="0.3103448275862069" string="18/58 (31.03%)" key="coverage.normal" class="BuildVerificationRunDetails" package="com.aexp.cicdmainframe.hpuftintegration.bvssuite" /><diagnostic type="number" number="111.0" string="111" key="memory.free.final" /><diagnostic type="number" number="1.0" string="1" key="test.classes.generated" /><diagnostic type="string" string="Linux" key="os.name" /><diagnostic type="number" number="65.0" string="65" key="class.proximity" class="HostnameVerifier" package="javax.net.ssl" /><diagnostic type="number" number="2.0" string="2" key="complexity" fullmethod="getInstance()" method="getInstance()" class="BuildVerificationRunDetails" package="com.aexp.cicdmainframe.hpuftintegration.bvssuite" /><diagnostic type="number" number="30.0" string="30" key="class.proximity" class="ClientHandler" package="com.sun.jersey.api.client" /><diagnostic type="number" number="65.0" string="65" key="class.proximity" class="DefaultClientConfig" package="com.sun.jersey.api.client.config" /><diagnostic type="string" string="2.6.18-194.el5" key="os.version" /><diagnostic type="list" key="classpath.agitar"><diagnostic type="string" string="plugins/com.agitar.agitator_6.0.0.000016/com.agitar.agitator.jar" /><diagnostic type="string" string="plugins/com.agitar.agitator_6.0.0.000016/com.agitar.knowledge.jar" /><diagnostic type="string" string="plugins/com.agitar.agitator_6.0.0.000016/com.agitar.tools.jar" /><diagnostic type="string" string="plugins/com.agitar.agitator_6.0.0.000016/lib/agitar-crimson.jar" /><diagnostic type="string" string="plugins/com.agitar.agitator_6.0.0.000016/lib/agitar-gnu-regexp-1.1.4.jar" /><diagnostic type="string" string="plugins/com.agitar.agitator_6.0.0.000016/lib/agitar-org.eclipse.jdt.core_3.6.0.jar" /><diagnostic type="string" string="plugins/com.agitar.agitator_6.0.0.000016/lib/agitator-lib.jar" /><diagnostic type="string" string="plugins/com.agitar.agitator_6.0.0.000016/lib/antlr-2.7.5H3.jar" /><diagnostic type="string" string="plugins/com.agitar.agitator_6.0.0.000016/lib/checkstyle-5.6-all.jar" /><diagnostic type="string" string="plugins/com.agitar.agitator_6.0.0.000016/lib/commons-beanutils-core.jar" /><diagnostic type="string" string="plugins/com.agitar.agitator_6.0.0.000016/lib/commons-beanutils.jar" /><diagnostic type="string" string="plugins/com.agitar.agitator_6.0.0.000016/lib/commons-collections.jar" /><diagnostic type="string" string="plugins/com.agitar.agitator_6.0.0.000016/lib/fast-md5.jar" /><diagnostic type="string" string="plugins/com.agitar.agitator_6.0.0.000016/lib/isorelax.jar" /><diagnostic type="string" string="plugins/com.agitar.agitator_6.0.0.000016/lib/lucene-1.5-rc1-dev.jar" /><diagnostic type="string" string="plugins/com.agitar.agitator_6.0.0.000016/lib/msv.jar" /><diagnostic type="string" string="plugins/com.agitar.agitator_6.0.0.000016/lib/relaxngDatatype.jar" /><diagnostic type="string" string="plugins/com.agitar.agitator_6.0.0.000016/lib/xmlgen.jar" /><diagnostic type="string" string="plugins/com.agitar.agitator_6.0.0.000016/lib/xsdlib.jar" /><diagnostic type="string" string="plugins/com.agitar.agitator_6.0.0.000016/lib/xstream-1.2.2.jar" /><diagnostic type="string" string="plugins/com.agitar.eclipse.coverage_6.0.0.000016/com.agitar.asm.jar" /><diagnostic type="string" string="plugins/com.agitar.eclipse.coverage_6.0.0.000016/com.agitar.check.jar" /><diagnostic type="string" string="plugins/com.agitar.eclipse.coverage_6.0.0.000016/com.agitar.common.jar" /><diagnostic type="string" string="plugins/com.agitar.eclipse.coverage_6.0.0.000016/com.agitar.coverage.jar" /><diagnostic type="string" string="plugins/com.agitar.eclipse.coverage_6.0.0.000016/com.agitar.eclipse.core.jar" /><diagnostic type="string" string="plugins/com.agitar.eclipse.coverage_6.0.0.000016/com.agitar.eclipse.coverage.jar" /><diagnostic type="string" string="plugins/com.agitar.eclipse.coverage_6.0.0.000016/com.agitar.eclipse.project.mock.jar" /><diagnostic type="string" string="plugins/com.agitar.eclipse.coverage_6.0.0.000016/lib/commons-cli-1.0.jar" /><diagnostic type="string" string="plugins/com.agitar.eclipse.coverage_6.0.0.000016/lib/commons-codec-1.3.jar" /><diagnostic type="string" string="plugins/com.agitar.eclipse.coverage_6.0.0.000016/lib/commons-httpclient-3.1.jar" /><diagnostic type="string" string="plugins/com.agitar.eclipse.coverage_6.0.0.000016/lib/commons-logging.jar" /><diagnostic type="string" string="plugins/com.agitar.eclipse.coverage_6.0.0.000016/lib/ezlicgen30.jar" /><diagnostic type="string" string="plugins/com.agitar.eclipse.coverage_6.0.0.000016/lib/ezlicrun30.jar" /><diagnostic type="string" string="plugins/com.agitar.eclipse.coverage_6.0.0.000016/lib/hsqldb.jar" /><diagnostic type="string" string="plugins/com.agitar.eclipse.coverage_6.0.0.000016/lib/ils10.jar" /><diagnostic type="string" string="plugins/com.agitar.eclipse.coverage_6.0.0.000016/lib/ilsadmin10.jar" /><diagnostic type="string" string="plugins/com.agitar.eclipse.coverage_6.0.0.000016/lib/ilsclient10.jar" /><diagnostic type="string" string="plugins/com.agitar.eclipse.coverage_6.0.0.000016/lib/ilscrypt10.jar" /><diagnostic type="string" string="plugins/com.agitar.eclipse.coverage_6.0.0.000016/lib/ilsdb10.jar" /><diagnostic type="string" string="plugins/com.agitar.eclipse.coverage_6.0.0.000016/lib/jvmdetector.jar" /><diagnostic type="string" string="plugins/com.agitar.eclipse.coverage_6.0.0.000016/lib/wdortl20.jar" /><diagnostic type="string" string="plugins/com.agitar.eclipse.coverage_6.0.0.000016/lib/xpp3-1.1.4c.jar" /><diagnostic type="string" string="plugins/com.agitar.eclipse.api_6.0.0.000016/com.agitar.eclipse.api.jar" /><diagnostic type="string" string="plugins/com.agitar.eclipse.api_6.0.0.000016/com.agitar.mockingbird.jar" /><diagnostic type="string" string="plugins/com.agitar.eclipse.api_6.0.0.000016/com.agitar.testrunner.jar" /><diagnostic type="string" string="plugins/com.agitar.eclipse.api_6.0.0.000016/lib/ant-junit.jar" /><diagnostic type="string" string="plugins/com.agitar.eclipse.api_6.0.0.000016/lib/ant-launcher.jar" /><diagnostic type="string" string="plugins/com.agitar.eclipse.api_6.0.0.000016/lib/ant.jar" /><diagnostic type="string" string="plugins/com.agitar.eclipse.api_6.0.0.000016/lib/junit.jar" /><diagnostic type="string" string="plugins/com.agitar.eclipse.api_6.0.0.000016/lib/xalan.jar" /><diagnostic type="string" string="../../../platforms/linux/x86_64/eclipse/plugins/org.junit_4.10.0.v4_10_0_v20120426-0900/junit.jar" /></diagnostic><diagnostic type="number" number="65.0" string="65" key="class.proximity" class="WebResource$Builder" package="com.sun.jersey.api.client" /><diagnostic type="fraction" numerator="7" denominator="11" number="0.6363636363636364" string="7/11 (63.64%)" key="mockingbird.ratio" class="WebResource" package="com.sun.jersey.api.client" /><diagnostic type="fraction" numerator="0" denominator="3" number="0.0" string="0/3 (0%)" key="mockingbird.ratio" class="Object" package="java.lang" /><diagnostic type="number" number="184.0" string="184" key="memory.used.final" /><diagnostic type="fraction" numerator="0" denominator="1" number="0.0" string="0/1 (0%)" key="mockingbird.ratio" class="SSLContext" package="javax.net.ssl" /><diagnostic type="fraction" numerator="15" denominator="50" number="0.3" string="15/50 (30%)" key="coverage.agitation" fullmethod="doGetBuildVerificationRunDetails(java.lang.String param1, java.lang.String param2, java.lang.String param3)" method="doGetBuildVerificationRunDetails(String, String, String)" class="BuildVerificationRunDetails" package="com.aexp.cicdmainframe.hpuftintegration.bvssuite" /><diagnostic type="string" string="Oracle Corporation" key="java.vendor" /><diagnostic type="string" string="Mock level: 1" key="test.created" fullmethod="testGetInstance1()" method="testGetInstance1()" class="BuildVerificationRunDetailsAgitarTest" package="com.aexp.cicdmainframe.hpuftintegration.bvssuite" /><diagnostic type="list" key="classpath.expert"><diagnostic type="string" string="plugins/com.agitar.experts.struts_6.0.0.000016/com.agitar.experts.struts.jar" /><diagnostic type="string" string="plugins/com.agitar.experts.hibernate_6.0.0.000016/com.agitar.experts.hibernate.jar" /><diagnostic type="string" string="plugins/com.agitar.experts.spring_6.0.0.000016/com.agitar.experts.spring.jar" /><diagnostic type="string" string="plugins/com.agitar.experts.j2ee_6.0.0.000016/com.agitar.experts.j2ee.jar" /><diagnostic type="string" string="plugins/com.agitar.experts.jsf_6.0.0.000016/com.agitar.experts.jsf.jar" /></diagnostic><diagnostic type="string" string="8744" key="timing.Exception" /><diagnostic type="number" number="30.0" string="30" key="class.proximity" class="Statuses" package="com.sun.jersey.api.client" /><diagnostic type="fraction" numerator="198" denominator="198" number="1.0" string="198/198 (100%)" key="class.creation" class="BuildVerificationRunDetails" package="com.aexp.cicdmainframe.hpuftintegration.bvssuite" /><diagnostic type="number" number="30.0" string="30" key="class.proximity" class="Response$StatusType" package="javax.ws.rs.core" /><diagnostic type="string" string="bin" key="classpath.user" /><diagnostic type="string" string="0" key="timing.Repeat" /><diagnostic type="number" number="30.0" string="30" key="class.proximity" class="ContextFinder" package="javax.xml.bind" /><diagnostic type="string" string="/opt/agitar/agitarOne/work/cu038.virtual.aedc.extra.aexp.com-agitar-0/8997419b00b2b96eecef98cc31de776a/HpUftIntegration" key="user.dir" /><diagnostic type="number" number="0.0" string="0" key="memory.ooms" /><diagnostic type="number" number="5.0" string="5" key="complexity" fullmethod="doGetBuildVerificationRunDetails(java.lang.String param1, java.lang.String param2, java.lang.String param3)" method="doGetBuildVerificationRunDetails(String, String, String)" class="BuildVerificationRunDetails" package="com.aexp.cicdmainframe.hpuftintegration.bvssuite" /><diagnostic type="fraction" numerator="3058" denominator="3058" number="1.0" string="3058/3058 (100%)" key="class.creation" class="String" package="java.lang" /><diagnostic type="string" string="unchanged" key="coverage.final.delta" class="BuildVerificationRunDetails" package="com.aexp.cicdmainframe.hpuftintegration.bvssuite" /><diagnostic type="fraction" numerator="1" denominator="2" number="0.5" string="1/2 (50%)" key="mockingbird.ratio" class="HPUFTIntegrationUtil" package="com.aexp.cicdmainframe.hpuftintegration" /><diagnostic type="fraction" numerator="2" denominator="2" number="1.0" string="2/2 (100%)" key="mockingbird.ratio" class="Map" package="java.util" /><diagnostic type="fraction" numerator="1" denominator="1" number="1.0" string="1/1 (100%)" key="mockingbird.ratio" class="PrintStream" package="java.io" /><diagnostic type="string" string="1.7.0_17" key="java.version" /><diagnostic type="fraction" numerator="4" denominator="4" number="1.0" string="4/4 (100%)" key="coverage.agitation" fullmethod="getInstance()" method="getInstance()" class="BuildVerificationRunDetails" package="com.aexp.cicdmainframe.hpuftintegration.bvssuite" /><diagnostic type="fraction" numerator="8" denominator="8" number="1.0" string="8/8 (100%)" key="mockingbird.ratio" class="StringBuilder" package="java.lang" /><diagnostic type="string" string="6" key="timing.SaveAcovTime" /><diagnostic type="number" number="30.0" string="30" key="class.proximity" class="ReaderWriter" package="com.sun.jersey.core.util" /><diagnostic type="fraction" numerator="3" denominator="58" number="0.05172413793103448" string="3/58 (5.17%)" key="coverage.aggressive" class="BuildVerificationRunDetails" package="com.aexp.cicdmainframe.hpuftintegration.bvssuite" /><diagnostic type="fraction" numerator="1" denominator="1" number="1.0" string="1/1 (100%)" key="mockingbird.ratio" class="HTTPSProperties" package="com.sun.jersey.client.urlconnection" /><diagnostic type="fraction" numerator="1" denominator="1" number="1.0" string="1/1 (100%)" key="mockingbird.ratio" class="MultivaluedMapImpl" package="com.sun.jersey.core.util" /><diagnostic type="string" string="4" key="timing.AcovCount" /><diagnostic type="fraction" numerator="2" denominator="2" number="1.0" string="2/2 (100%)" key="coverage.final" fullmethod="&lt;init>()" method="&lt;init>()" class="BuildVerificationRunDetails" package="com.aexp.cicdmainframe.hpuftintegration.bvssuite" /><diagnostic type="list" key="log.user"><diagnostic type="string" string="[STATUS]  [06:53:16:439] Start generating test for class com.aexp.cicdmainframe.hpuftintegration.bvssuite.BuildVerificationRunDetails&#10;" /><diagnostic type="string" string="[INFO]    [06:53:46:796] Mock sequence generator produced 2 tests (1 aggressive).&#10;" /><diagnostic type="string" string="[STATUS]  [06:53:52:705] Class com.aexp.cicdmainframe.hpuftintegration.bvssuite.BuildVerificationRunDetails : test generation completed&#10;" /></diagnostic><diagnostic type="number" number="30.0" string="30" key="class.proximity" class="SSLPermission" package="javax.net.ssl" /><diagnostic type="string" string="Mock level: 0" key="test.created" fullmethod="testDoGetBuildVerificationRunDetailsThrowsIllegalArgumentException()" method="testDoGetBuildVerificationRunDetailsThrowsIllegalArgumentException()" class="BuildVerificationRunDetailsAgitarTest" package="com.aexp.cicdmainframe.hpuftintegration.bvssuite" /><diagnostic type="number" number="30.0" string="30" key="class.proximity" class="XmlElement" package="javax.xml.bind.annotation" /><diagnostic type="string" string="Mock level: 5" key="test.created" fullmethod="testDoGetBuildVerificationRunDetailsThrowsRuntimeExceptionWithAggressiveMocks()" method="testDoGetBuildVerificationRunDetailsThrowsRuntimeExceptionWithAggressiveMocks()" class="BuildVerificationRunDetailsAgitarTest" package="com.aexp.cicdmainframe.hpuftintegration.bvssuite" /><diagnostic type="number" number="30.0" string="30" key="class.proximity" class="NewCookie" package="javax.ws.rs.core" /><diagnostic type="fraction" numerator="21" denominator="56" number="0.375" string="21/56 (37.5%)" key="coverage.final" class="BuildVerificationRunDetails" package="com.aexp.cicdmainframe.hpuftintegration.bvssuite" /><diagnostic type="fraction" numerator="4" denominator="4" number="1.0" string="4/4 (100%)" key="coverage.testgen" fullmethod="getInstance()" method="getInstance()" class="BuildVerificationRunDetails" package="com.aexp.cicdmainframe.hpuftintegration.bvssuite" /><diagnostic type="fraction" numerator="1" denominator="1" number="1.0" string="1/1 (100%)" key="mockingbird.ratio" class="URI" package="java.net" /><diagnostic type="number" number="30.0" string="30" key="class.proximity" class="ClientHandlerException" package="com.sun.jersey.api.client" /><diagnostic type="number" number="65.0" string="65" key="class.proximity" class="BuildVerificationRunDetailsResponse" package="com.aexp.cicdmainframe.hpuftintegration.bvssuite" /><diagnostic type="number" number="30.0" string="30" key="class.proximity" class="Fields" package="com.aexp.cicdmainframe.hpuftintegration.bvssuite" /><diagnostic type="number" number="30.0" string="30" key="class.proximity" class="SSLPeerUnverifiedException" package="javax.net.ssl" /><diagnostic type="number" number="30.0" string="30" key="class.proximity" class="HttpsURLConnection$DefaultHostnameVerifier" package="javax.net.ssl" /><diagnostic type="number" number="65.0" string="65" key="class.proximity" class="JAXBElement" package="javax.xml.bind" /><diagnostic type="number" number="65.0" string="65" key="class.proximity" class="HTTPSProperties" package="com.sun.jersey.client.urlconnection" /><diagnostic type="number" number="30.0" string="30" key="class.proximity" class="UniformInterface" package="com.sun.jersey.api.client" /><diagnostic type="number" number="65.0" string="65" key="class.proximity" class="MultivaluedMapImpl" package="com.sun.jersey.core.util" /><diagnostic type="number" number="30.0" string="30" key="class.proximity" class="EntityTag" package="javax.ws.rs.core" /><diagnostic type="fraction" numerator="21" denominator="56" number="0.375" string="21/56 (37.5%)" key="coverage.agitation" class="BuildVerificationRunDetails" package="com.aexp.cicdmainframe.hpuftintegration.bvssuite" /><diagnostic type="number" number="30.0" string="30" key="class.proximity" class="RuntimeDelegate$HeaderDelegate" package="javax.ws.rs.ext" /><diagnostic type="number" number="30.0" string="30" key="class.proximity" class="ClientConfig" package="com.sun.jersey.api.client.config" /><diagnostic type="number" number="30.0" string="30" key="class.proximity" class="Certificate[]" package="java.security.cert" /><diagnostic type="number" number="30.0" string="30" key="class.proximity" class="PartialRequestBuilder" package="com.sun.jersey.api.client" /><diagnostic type="string" string="AgitarOne Version 6.0.0.000016 (Build date: Aug 05, 2013) [6.0.0.000016]" key="agitar.version" /><diagnostic type="string" string="Agitar internal" key="helpers.unused.internal.classes" class="ScopedTestHelper" package="com.agitar.lib" /><diagnostic type="fraction" numerator="0" denominator="0" number="0.0" string="0/0 (0%)" key="class.creation" class="WebResource" package="com.sun.jersey.api.client" /><diagnostic type="fraction" numerator="2" denominator="2" number="1.0" string="2/2 (100%)" key="coverage.agitation" fullmethod="&lt;init>()" method="&lt;init>()" class="BuildVerificationRunDetails" package="com.aexp.cicdmainframe.hpuftintegration.bvssuite" /><diagnostic type="number" number="30.0" string="30" key="class.proximity" class="PropertyException" package="javax.xml.bind" /><diagnostic type="number" number="30.0" string="30" key="class.proximity" class="HPUFTIntegrationConstants" package="com.aexp.cicdmainframe.hpuftintegration" /><diagnostic type="number" number="30.0" string="30" key="class.proximity" class="Response$Status" package="javax.ws.rs.core" /><diagnostic type="number" number="30.0" string="30" key="class.proximity" class="WebResource$1" package="com.sun.jersey.api.client" /><diagnostic type="list" key="test.failing" fullmethod="getInstance()" method="getInstance()" class="BuildVerificationRunDetails" package="com.aexp.cicdmainframe.hpuftintegration.bvssuite"><diagnostic type="test" string="Normal: coverage changed: -31 -33 +35F1 -35T1 -36" mocklevel="0" reason="coverage changed: -31 -33 +35F1 -35T1 -36" coverage="1110111 [7]" outcome="Normal"><source>// filtered callback (target type): 1 &lt;init>() ref[BuildVerificationRunDetails@1225ab3f/notnull][] = ref[BuildVerificationRunDetails@1225ab3f/notnull] throws ref[NULL] (x1)
BuildVerificationRunDetails.getInstance();
</source><diagnostic type="error" log-message="Mocking Failing Operations failed" string="Mocking Failing Operations failed" /></diagnostic><diagnostic type="test" string="Normal: for ref[BuildVerificationRunDetails@1225ab3f/notnull] expected &quot;com.aexp.cicdmainframe.hpuftintegration.bvssuite.BuildVerificationRunDetails@19bb148d&quot; but got &quot;com.aexp.cicdmainframe.hpuftintegration.bvssuite.BuildVerificationRunDetails@1225ab3f&quot;" mocklevel="3" reason="for ref[BuildVerificationRunDetails@1225ab3f/notnull] expected &quot;com.aexp.cicdmainframe.hpuftintegration.bvssuite.BuildVerificationRunDetails@19bb148d&quot; but got &quot;com.aexp.cicdmainframe.hpuftintegration.bvssuite.BuildVerificationRunDetails@1225ab3f&quot;" operation="#486981102 com.aexp.cicdmainframe.hpuftintegration.bvssuite.BuildVerificationRunDetails.getInstance() Params: [] Ret: ref[BuildVerificationRunDetails@1225ab3f/notnull]" coverage="1110111 [7]" outcome="Normal"><source>// filtered callback (target type): 1 &lt;init>() ref[BuildVerificationRunDetails@1225ab3f/notnull][] = ref[BuildVerificationRunDetails@1225ab3f/notnull] throws ref[NULL] (x1)
BuildVerificationRunDetails.getInstance();
</source><diagnostic type="error" exception-class="com.agitar.tbe.recorder.a" exception-message="for ref[BuildVerificationRunDetails@1225ab3f/notnull] expected &quot;com.aexp.cicdmainframe.hpuftintegration.bvssuite.BuildVerificationRunDetails@19bb148d&quot; but got &quot;com.aexp.cicdmainframe.hpuftintegration.bvssuite.BuildVerificationRunDetails@1225ab3f&quot;" string="a: &quot;for ref[BuildVerificationRunDetails@1225ab3f/notnull] expected &quot;com.aexp.cicdmainframe.hpuftintegration.bvssuite.BuildVerificationRunDetails@19bb148d&quot; but got &quot;com.aexp.cicdmainframe.hpuftintegration.bvssuite.BuildVerificationRunDetails@1225ab3f&quot;&quot; at w.a() line 78 at kb.a() line 279"><trace class="com.agitar.tbe.recorder.w" method="a" line="78" /><trace class="com.agitar.tbe.recorder.operations.kb" method="a" line="279" /><trace class="com.agitar.tbe.recorder.operations.r" method="a" line="205" /><trace class="com.agitar.tbe.recorder.operations.f" method="a" line="97" /><trace class="com.agitar.tbe.recorder.gc" method="a" line="252" /><trace class="com.agitar.tbe.recorder.gc" method="f" line="160" /><trace class="com.agitar.tbe.d" method="a" line="50" /><trace class="com.agitar.tbe.j" method="run" line="227" /></diagnostic></diagnostic><diagnostic type="test" string="Normal: coverage changed: -31 -33 +35F1 -35T1 -36" mocklevel="3" reason="coverage changed: -31 -33 +35F1 -35T1 -36" coverage="1110111 [7]" outcome="Normal"><source>// filtered callback (target type): 1 &lt;init>() ref[BuildVerificationRunDetails@1225ab3f/notnull][] = ref[BuildVerificationRunDetails@1225ab3f/notnull] throws ref[NULL] (x1)
BuildVerificationRunDetails.getInstance();
</source><diagnostic type="error" log-message="Failed prefiltering" string="Failed prefiltering" /></diagnostic></diagnostic><diagnostic type="number" number="30.0" string="30" key="class.proximity" class="CompletableReader" package="com.sun.jersey.core.provider" /><diagnostic type="string" string="com.aexp.cicdmainframe.hpuftintegration.bvssuite.BuildVerificationRunDetails" key="target.class.name" /><diagnostic type="number" number="65.0" string="65" key="class.proximity" class="HttpsURLConnection" package="javax.net.ssl" /><diagnostic type="number" number="30.0" string="30" key="class.proximity" class="HttpsURLConnection$1" package="javax.net.ssl" /><diagnostic type="number" number="917.0" string="917" key="memory.max.final" /><diagnostic type="number" number="295.0" string="295" key="memory.total.final" /><diagnostic type="fraction" numerator="4" denominator="4" number="1.0" string="4/4 (100%)" key="coverage.final" fullmethod="getInstance()" method="getInstance()" class="BuildVerificationRunDetails" package="com.aexp.cicdmainframe.hpuftintegration.bvssuite" /><diagnostic type="fraction" numerator="21" denominator="56" number="0.375" string="21/56 (37.5%)" key="coverage.testgen" class="BuildVerificationRunDetails" package="com.aexp.cicdmainframe.hpuftintegration.bvssuite" /><diagnostic type="number" number="30.0" string="30" key="class.proximity" class="Node" package="org.w3c.dom" /><diagnostic type="number" number="30.0" string="30" key="class.proximity" class="MediaType" package="javax.ws.rs.core" /><diagnostic type="number" number="7.0" string="7" key="thread.count.final" /><diagnostic type="fraction" numerator="31" denominator="51" number="0.6078431372549019" string="31/51 (60.78%)" key="mockingbird.ratio.total" /><diagnostic type="string" string="1109" key="timing.Loading" /><diagnostic type="number" number="30.0" string="30" key="class.proximity" class="Response" package="javax.ws.rs.core" /><diagnostic type="fraction" numerator="2" denominator="2" number="1.0" string="2/2 (100%)" key="coverage.testgen" fullmethod="&lt;init>()" method="&lt;init>()" class="BuildVerificationRunDetails" package="com.aexp.cicdmainframe.hpuftintegration.bvssuite" /><diagnostic type="number" number="65.0" string="65" key="class.proximity" class="MultivaluedMap" package="javax.ws.rs.core" /><diagnostic type="number" number="30.0" string="30" key="class.proximity" class="QName" package="javax.xml.namespace" /><diagnostic type="number" number="65.0" string="65" key="class.proximity" class="HPUFTIntegrationUtil" package="com.aexp.cicdmainframe.hpuftintegration" /></diagnostics></report>