<report date="Fri Feb 17 20:37:46 PST 2017"><problems /><solutions /><diagnostics><diagnostic type="list" key="classpath.library"><diagnostic type="string" string="lib/log4j-1.2.16.jar" /><diagnostic type="string" string="lib/jersey-client-2.25.jar" /><diagnostic type="string" string="lib/jersey-common-2.25.jar" /><diagnostic type="string" string="lib/junit-4.11.jar" /><diagnostic type="string" string="lib/jersey-bundle-1.19.1.jar" /><diagnostic type="string" string="397b70e312007dc1a804702498bb25a5/jersey-client-1.19.3.jar" /><diagnostic type="string" string="9d72a569b9ccb71e95c1e889cd08a1f2/com.agitar.mockingbird.jar" /><diagnostic type="string" string="2686f545a2ce8141a152d83a264ecdb2/org.agitar.mock5.jar" /></diagnostic><diagnostic type="string" string="Mock level: 0" key="test.created" fullmethod="testToString()" method="testToString()" class="EntityAgitarTest" package="com.aexp.cicdmainframe.hpuftintegration.bvssuite" /><diagnostic type="fraction" numerator="43" denominator="43" number="1.0" string="43/43 (100%)" key="class.creation" class="Entity" package="com.aexp.cicdmainframe.hpuftintegration.bvssuite" /><diagnostic type="fraction" numerator="2" denominator="2" number="1.0" string="2/2 (100%)" key="coverage.agitation" fullmethod="setFields(com.aexp.cicdmainframe.hpuftintegration.bvssuite.Fields param1)" method="setFields(Fields)" class="Entity" package="com.aexp.cicdmainframe.hpuftintegration.bvssuite" /><diagnostic type="string" string="bin" key="classpath.user" /><diagnostic type="string" string="0" key="timing.Repeat" /><diagnostic type="string" string="806" key="timing.Analysis" /><diagnostic type="string" string="463" key="timing.Boundary" /><diagnostic type="string" string="/opt/agitar/agitarOne/work/cu038.virtual.aedc.extra.aexp.com-agitar-0/dcbf3a906a0272683156ece8d540d51b/HpUftIntegration" key="user.dir" /><diagnostic type="fraction" numerator="2" denominator="2" number="1.0" string="2/2 (100%)" key="coverage.final" fullmethod="setType(java.lang.String param1)" method="setType(String)" class="Entity" package="com.aexp.cicdmainframe.hpuftintegration.bvssuite" /><diagnostic type="number" number="0.0" string="0" key="memory.ooms" /><diagnostic type="number" number="1.0" string="1" key="complexity" fullmethod="setType(java.lang.String param1)" method="setType(String)" class="Entity" package="com.aexp.cicdmainframe.hpuftintegration.bvssuite" /><diagnostic type="fraction" numerator="2" denominator="2" number="1.0" string="2/2 (100%)" key="coverage.testgen" fullmethod="&lt;init>()" method="&lt;init>()" class="Entity" package="com.aexp.cicdmainframe.hpuftintegration.bvssuite" /><diagnostic type="list" key="java.vmargs"><diagnostic type="string" string="-Xmx1024m" /><diagnostic type="string" string="-Duser.language=en" /><diagnostic type="string" string="-Djava.awt.headless=true" /><diagnostic type="string" string="-Duser.country=US" /><diagnostic type="string" string="-Dagitar.test.gen.source.folder=test" /><diagnostic type="string" string="-Djava5.home=/opt/agitar/agitarOne/platforms/linux/x86_64/java/Sun/1.5" /><diagnostic type="string" string="-Dagitar.time.scaling.factor=1" /><diagnostic type="string" string="-Dagitar.job.md5=dcbf3a906a0272683156ece8d540d51b" /></diagnostic><diagnostic type="fraction" numerator="140" denominator="140" number="1.0" string="140/140 (100%)" key="class.creation" class="String" package="java.lang" /><diagnostic type="fraction" numerator="1" denominator="1" number="1.0" string="1/1 (100%)" key="coverage.final" fullmethod="getFields()" method="getFields()" class="Entity" package="com.aexp.cicdmainframe.hpuftintegration.bvssuite" /><diagnostic type="number" number="1.0" string="1" key="complexity" fullmethod="getFields()" method="getFields()" class="Entity" package="com.aexp.cicdmainframe.hpuftintegration.bvssuite" /><diagnostic type="string" string="Mock level: 0" key="test.created" fullmethod="testSetFields()" method="testSetFields()" class="EntityAgitarTest" package="com.aexp.cicdmainframe.hpuftintegration.bvssuite" /><diagnostic type="string" string="unchanged" key="coverage.final.delta" class="Entity" package="com.aexp.cicdmainframe.hpuftintegration.bvssuite" /><diagnostic type="string" string="1.7.0_17" key="java.version" /><diagnostic type="fraction" numerator="2" denominator="2" number="1.0" string="2/2 (100%)" key="coverage.final" fullmethod="setRelatedEntities(java.lang.String param1)" method="setRelatedEntities(String)" class="Entity" package="com.aexp.cicdmainframe.hpuftintegration.bvssuite" /><diagnostic type="fraction" numerator="1" denominator="1" number="1.0" string="1/1 (100%)" key="coverage.final" fullmethod="getType()" method="getType()" class="Entity" package="com.aexp.cicdmainframe.hpuftintegration.bvssuite" /><diagnostic type="number" number="1.0" string="1" key="complexity" fullmethod="getType()" method="getType()" class="Entity" package="com.aexp.cicdmainframe.hpuftintegration.bvssuite" /><diagnostic type="number" number="1.0" string="1" key="complexity" fullmethod="setRelatedEntities(java.lang.String param1)" method="setRelatedEntities(String)" class="Entity" package="com.aexp.cicdmainframe.hpuftintegration.bvssuite" /><diagnostic type="string" string="2" key="timing.SaveAcovTime" /><diagnostic type="fraction" numerator="1" denominator="1" number="1.0" string="1/1 (100%)" key="coverage.testgen" fullmethod="toString()" method="toString()" class="Entity" package="com.aexp.cicdmainframe.hpuftintegration.bvssuite" /><diagnostic type="fraction" numerator="2" denominator="2" number="1.0" string="2/2 (100%)" key="coverage.testgen" fullmethod="setFields(com.aexp.cicdmainframe.hpuftintegration.bvssuite.Fields param1)" method="setFields(Fields)" class="Entity" package="com.aexp.cicdmainframe.hpuftintegration.bvssuite" /><diagnostic type="string" string="Agitar internal" key="helpers.unused.internal.classes" class="SetupHelper" package="com.agitar.lib" /><diagnostic type="string" string="100" key="timing.Cov%" /><diagnostic type="fraction" numerator="0" denominator="12" number="0.0" string="0/12 (0%)" key="coverage.aggressive" class="Entity" package="com.aexp.cicdmainframe.hpuftintegration.bvssuite" /><diagnostic type="list" key="classpath.extension"><diagnostic type="string" string="plugins/com.agitar.eclipse.api_6.0.0.000016/lib/ext/org.agitar.mock5.jar" /><diagnostic type="string" string="plugins/com.agitar.agitator_6.0.0.000016/lib/ext/com.agitar.enterprise5.jar" /></diagnostic><diagnostic type="string" string="Mock level: 0" key="test.created" fullmethod="testConstructor()" method="testConstructor()" class="EntityAgitarTest" package="com.aexp.cicdmainframe.hpuftintegration.bvssuite" /><diagnostic type="string" string="2" key="timing.AcovCount" /><diagnostic type="fraction" numerator="0" denominator="5" number="0.0" string="0/5 (0%)" key="mockingbird.ratio" class="Entity" package="com.aexp.cicdmainframe.hpuftintegration.bvssuite" /><diagnostic type="list" key="log.user"><diagnostic type="string" string="[STATUS]  [20:37:32:029] Start generating test for class com.aexp.cicdmainframe.hpuftintegration.bvssuite.Entity&#10;" /><diagnostic type="string" string="[INFO]    [20:37:41:460] Mock sequence generator produced 0 tests (0 aggressive).&#10;" /><diagnostic type="string" string="[STATUS]  [20:37:45:100] Class com.aexp.cicdmainframe.hpuftintegration.bvssuite.Entity : test generation completed&#10;" /></diagnostic><diagnostic type="fraction" numerator="2" denominator="2" number="1.0" string="2/2 (100%)" key="coverage.agitation" fullmethod="&lt;init>()" method="&lt;init>()" class="Entity" package="com.aexp.cicdmainframe.hpuftintegration.bvssuite" /><diagnostic type="number" number="30.0" string="30" key="class.proximity" class="XmlElement" package="javax.xml.bind.annotation" /><diagnostic type="number" number="1.0" string="1" key="complexity" fullmethod="getRelatedEntities()" method="getRelatedEntities()" class="Entity" package="com.aexp.cicdmainframe.hpuftintegration.bvssuite" /><diagnostic type="fraction" numerator="1" denominator="1" number="1.0" string="1/1 (100%)" key="coverage.final" fullmethod="getRelatedEntities()" method="getRelatedEntities()" class="Entity" package="com.aexp.cicdmainframe.hpuftintegration.bvssuite" /><diagnostic type="string" string="agitar/config" key="config.path" /><diagnostic type="fraction" numerator="12" denominator="12" number="1.0" string="12/12 (100%)" key="coverage.final" class="Entity" package="com.aexp.cicdmainframe.hpuftintegration.bvssuite" /><diagnostic type="number" number="8.0" string="8" key="complexity" class="Entity" package="com.aexp.cicdmainframe.hpuftintegration.bvssuite" /><diagnostic type="number" number="8.0" string="8" key="thread.count.initial" /><diagnostic type="string" string="unchanged" key="coverage.testgen.delta" class="Entity" package="com.aexp.cicdmainframe.hpuftintegration.bvssuite" /><diagnostic type="number" number="65.0" string="65" key="class.proximity" class="Fields" package="com.aexp.cicdmainframe.hpuftintegration.bvssuite" /><diagnostic type="fraction" numerator="1" denominator="1" number="1.0" string="1/1 (100%)" key="coverage.agitation" fullmethod="toString()" method="toString()" class="Entity" package="com.aexp.cicdmainframe.hpuftintegration.bvssuite" /><diagnostic type="number" number="100.0" string="100" key="class.proximity" class="Entity" package="com.aexp.cicdmainframe.hpuftintegration.bvssuite" /><diagnostic type="fraction" numerator="2" denominator="2" number="1.0" string="2/2 (100%)" key="coverage.testgen" fullmethod="setType(java.lang.String param1)" method="setType(String)" class="Entity" package="com.aexp.cicdmainframe.hpuftintegration.bvssuite" /><diagnostic type="number" number="858.0" string="858" key="memory.available.final" /><diagnostic type="string" string="172" key="timing.Instrumentation" /><diagnostic type="number" number="30.0" string="30" key="class.proximity" class="XmlRootElement" package="javax.xml.bind.annotation" /><diagnostic type="fraction" numerator="12" denominator="12" number="1.0" string="12/12 (100%)" key="coverage.agitation" class="Entity" package="com.aexp.cicdmainframe.hpuftintegration.bvssuite" /><diagnostic type="fraction" numerator="2" denominator="2" number="1.0" string="2/2 (100%)" key="coverage.testgen" fullmethod="setRelatedEntities(java.lang.String param1)" method="setRelatedEntities(String)" class="Entity" package="com.aexp.cicdmainframe.hpuftintegration.bvssuite" /><diagnostic type="fraction" numerator="1" denominator="1" number="1.0" string="1/1 (100%)" key="coverage.testgen" fullmethod="getType()" method="getType()" class="Entity" package="com.aexp.cicdmainframe.hpuftintegration.bvssuite" /><diagnostic type="string" string="create com.sun.jersey.api.client.Client" key="helpers.used.mothers" fullmethod="createJerseyClient()" method="createJerseyClient()" class="JerseyClientCreationTestHelper" package="com.aexp.cicdmainframe.helper" /><diagnostic type="string" string="Mock level: 0" key="test.created" fullmethod="testSetType()" method="testSetType()" class="EntityAgitarTest" package="com.aexp.cicdmainframe.hpuftintegration.bvssuite" /><diagnostic type="fraction" numerator="1" denominator="1" number="1.0" string="1/1 (100%)" key="coverage.final" fullmethod="toString()" method="toString()" class="Entity" package="com.aexp.cicdmainframe.hpuftintegration.bvssuite" /><diagnostic type="number" number="1.0" string="1" key="complexity" fullmethod="toString()" method="toString()" class="Entity" package="com.aexp.cicdmainframe.hpuftintegration.bvssuite" /><diagnostic type="fraction" numerator="0" denominator="1" number="0.0" string="0/1 (0%)" key="mockingbird.ratio" class="Fields" package="com.aexp.cicdmainframe.hpuftintegration.bvssuite" /><diagnostic type="number" number="65.0" string="65" key="class.proximity" class="XmlAttribute" package="javax.xml.bind.annotation" /><diagnostic type="string" string="Agitar internal" key="helpers.unused.internal.classes" class="ScopedTestHelper" package="com.agitar.lib" /><diagnostic type="string" string="AgitarOne Version 6.0.0.000016 (Build date: Aug 05, 2013) [6.0.0.000016]" key="agitar.version" /><diagnostic type="fraction" numerator="2" denominator="2" number="1.0" string="2/2 (100%)" key="coverage.final" fullmethod="&lt;init>()" method="&lt;init>()" class="Entity" package="com.aexp.cicdmainframe.hpuftintegration.bvssuite" /><diagnostic type="number" number="1.0" string="1" key="complexity" fullmethod="&lt;init>()" method="&lt;init>()" class="Entity" package="com.aexp.cicdmainframe.hpuftintegration.bvssuite" /><diagnostic type="fraction" numerator="1" denominator="1" number="1.0" string="1/1 (100%)" key="coverage.agitation" fullmethod="getRelatedEntities()" method="getRelatedEntities()" class="Entity" package="com.aexp.cicdmainframe.hpuftintegration.bvssuite" /><diagnostic type="fraction" numerator="1" denominator="1" number="1.0" string="1/1 (100%)" key="coverage.testgen" fullmethod="getFields()" method="getFields()" class="Entity" package="com.aexp.cicdmainframe.hpuftintegration.bvssuite" /><diagnostic type="string" string="779" key="timing.Normal" /><diagnostic type="string" string="com.aexp.cicdmainframe.helper.JerseyClientCreationTestHelper" key="helpers.used.classes" /><diagnostic type="string" string="com.aexp.cicdmainframe.hpuftintegration.bvssuite.Entity" key="target.class.name" /><diagnostic type="fraction" numerator="2" denominator="2" number="1.0" string="2/2 (100%)" key="coverage.agitation" fullmethod="setType(java.lang.String param1)" method="setType(String)" class="Entity" package="com.aexp.cicdmainframe.hpuftintegration.bvssuite" /><diagnostic type="fraction" numerator="9" denominator="12" number="0.75" string="9/12 (75%)" key="coverage.normal" class="Entity" package="com.aexp.cicdmainframe.hpuftintegration.bvssuite" /><diagnostic type="number" number="47.0" string="47" key="memory.free.final" /><diagnostic type="fraction" numerator="2" denominator="2" number="1.0" string="2/2 (100%)" key="coverage.final" fullmethod="setFields(com.aexp.cicdmainframe.hpuftintegration.bvssuite.Fields param1)" method="setFields(Fields)" class="Entity" package="com.aexp.cicdmainframe.hpuftintegration.bvssuite" /><diagnostic type="number" number="106.0" string="106" key="memory.total.final" /><diagnostic type="number" number="917.0" string="917" key="memory.max.final" /><diagnostic type="string" string="Mock level: 0" key="test.created" fullmethod="testSetRelatedEntities()" method="testSetRelatedEntities()" class="EntityAgitarTest" package="com.aexp.cicdmainframe.hpuftintegration.bvssuite" /><diagnostic type="number" number="1.0" string="1" key="test.classes.generated" /><diagnostic type="string" string="Linux" key="os.name" /><diagnostic type="number" number="1.0" string="1" key="complexity" fullmethod="setFields(com.aexp.cicdmainframe.hpuftintegration.bvssuite.Fields param1)" method="setFields(Fields)" class="Entity" package="com.aexp.cicdmainframe.hpuftintegration.bvssuite" /><diagnostic type="string" string="2.6.18-194.el5" key="os.version" /><diagnostic type="fraction" numerator="12" denominator="12" number="1.0" string="12/12 (100%)" key="coverage.testgen" class="Entity" package="com.aexp.cicdmainframe.hpuftintegration.bvssuite" /><diagnostic type="fraction" numerator="1" denominator="1" number="1.0" string="1/1 (100%)" key="coverage.agitation" fullmethod="getType()" method="getType()" class="Entity" package="com.aexp.cicdmainframe.hpuftintegration.bvssuite" /><diagnostic type="fraction" numerator="2" denominator="2" number="1.0" string="2/2 (100%)" key="coverage.agitation" fullmethod="setRelatedEntities(java.lang.String param1)" method="setRelatedEntities(String)" class="Entity" package="com.aexp.cicdmainframe.hpuftintegration.bvssuite" /><diagnostic type="list" key="classpath.agitar"><diagnostic type="string" string="plugins/com.agitar.agitator_6.0.0.000016/com.agitar.agitator.jar" /><diagnostic type="string" string="plugins/com.agitar.agitator_6.0.0.000016/com.agitar.knowledge.jar" /><diagnostic type="string" string="plugins/com.agitar.agitator_6.0.0.000016/com.agitar.tools.jar" /><diagnostic type="string" string="plugins/com.agitar.agitator_6.0.0.000016/lib/agitar-crimson.jar" /><diagnostic type="string" string="plugins/com.agitar.agitator_6.0.0.000016/lib/agitar-gnu-regexp-1.1.4.jar" /><diagnostic type="string" string="plugins/com.agitar.agitator_6.0.0.000016/lib/agitar-org.eclipse.jdt.core_3.6.0.jar" /><diagnostic type="string" string="plugins/com.agitar.agitator_6.0.0.000016/lib/agitator-lib.jar" /><diagnostic type="string" string="plugins/com.agitar.agitator_6.0.0.000016/lib/antlr-2.7.5H3.jar" /><diagnostic type="string" string="plugins/com.agitar.agitator_6.0.0.000016/lib/checkstyle-5.6-all.jar" /><diagnostic type="string" string="plugins/com.agitar.agitator_6.0.0.000016/lib/commons-beanutils-core.jar" /><diagnostic type="string" string="plugins/com.agitar.agitator_6.0.0.000016/lib/commons-beanutils.jar" /><diagnostic type="string" string="plugins/com.agitar.agitator_6.0.0.000016/lib/commons-collections.jar" /><diagnostic type="string" string="plugins/com.agitar.agitator_6.0.0.000016/lib/fast-md5.jar" /><diagnostic type="string" string="plugins/com.agitar.agitator_6.0.0.000016/lib/isorelax.jar" /><diagnostic type="string" string="plugins/com.agitar.agitator_6.0.0.000016/lib/lucene-1.5-rc1-dev.jar" /><diagnostic type="string" string="plugins/com.agitar.agitator_6.0.0.000016/lib/msv.jar" /><diagnostic type="string" string="plugins/com.agitar.agitator_6.0.0.000016/lib/relaxngDatatype.jar" /><diagnostic type="string" string="plugins/com.agitar.agitator_6.0.0.000016/lib/xmlgen.jar" /><diagnostic type="string" string="plugins/com.agitar.agitator_6.0.0.000016/lib/xsdlib.jar" /><diagnostic type="string" string="plugins/com.agitar.agitator_6.0.0.000016/lib/xstream-1.2.2.jar" /><diagnostic type="string" string="plugins/com.agitar.eclipse.coverage_6.0.0.000016/com.agitar.asm.jar" /><diagnostic type="string" string="plugins/com.agitar.eclipse.coverage_6.0.0.000016/com.agitar.check.jar" /><diagnostic type="string" string="plugins/com.agitar.eclipse.coverage_6.0.0.000016/com.agitar.common.jar" /><diagnostic type="string" string="plugins/com.agitar.eclipse.coverage_6.0.0.000016/com.agitar.coverage.jar" /><diagnostic type="string" string="plugins/com.agitar.eclipse.coverage_6.0.0.000016/com.agitar.eclipse.core.jar" /><diagnostic type="string" string="plugins/com.agitar.eclipse.coverage_6.0.0.000016/com.agitar.eclipse.coverage.jar" /><diagnostic type="string" string="plugins/com.agitar.eclipse.coverage_6.0.0.000016/com.agitar.eclipse.project.mock.jar" /><diagnostic type="string" string="plugins/com.agitar.eclipse.coverage_6.0.0.000016/lib/commons-cli-1.0.jar" /><diagnostic type="string" string="plugins/com.agitar.eclipse.coverage_6.0.0.000016/lib/commons-codec-1.3.jar" /><diagnostic type="string" string="plugins/com.agitar.eclipse.coverage_6.0.0.000016/lib/commons-httpclient-3.1.jar" /><diagnostic type="string" string="plugins/com.agitar.eclipse.coverage_6.0.0.000016/lib/commons-logging.jar" /><diagnostic type="string" string="plugins/com.agitar.eclipse.coverage_6.0.0.000016/lib/ezlicgen30.jar" /><diagnostic type="string" string="plugins/com.agitar.eclipse.coverage_6.0.0.000016/lib/ezlicrun30.jar" /><diagnostic type="string" string="plugins/com.agitar.eclipse.coverage_6.0.0.000016/lib/hsqldb.jar" /><diagnostic type="string" string="plugins/com.agitar.eclipse.coverage_6.0.0.000016/lib/ils10.jar" /><diagnostic type="string" string="plugins/com.agitar.eclipse.coverage_6.0.0.000016/lib/ilsadmin10.jar" /><diagnostic type="string" string="plugins/com.agitar.eclipse.coverage_6.0.0.000016/lib/ilsclient10.jar" /><diagnostic type="string" string="plugins/com.agitar.eclipse.coverage_6.0.0.000016/lib/ilscrypt10.jar" /><diagnostic type="string" string="plugins/com.agitar.eclipse.coverage_6.0.0.000016/lib/ilsdb10.jar" /><diagnostic type="string" string="plugins/com.agitar.eclipse.coverage_6.0.0.000016/lib/jvmdetector.jar" /><diagnostic type="string" string="plugins/com.agitar.eclipse.coverage_6.0.0.000016/lib/wdortl20.jar" /><diagnostic type="string" string="plugins/com.agitar.eclipse.coverage_6.0.0.000016/lib/xpp3-1.1.4c.jar" /><diagnostic type="string" string="plugins/com.agitar.eclipse.api_6.0.0.000016/com.agitar.eclipse.api.jar" /><diagnostic type="string" string="plugins/com.agitar.eclipse.api_6.0.0.000016/com.agitar.mockingbird.jar" /><diagnostic type="string" string="plugins/com.agitar.eclipse.api_6.0.0.000016/com.agitar.testrunner.jar" /><diagnostic type="string" string="plugins/com.agitar.eclipse.api_6.0.0.000016/lib/ant-junit.jar" /><diagnostic type="string" string="plugins/com.agitar.eclipse.api_6.0.0.000016/lib/ant-launcher.jar" /><diagnostic type="string" string="plugins/com.agitar.eclipse.api_6.0.0.000016/lib/ant.jar" /><diagnostic type="string" string="plugins/com.agitar.eclipse.api_6.0.0.000016/lib/junit.jar" /><diagnostic type="string" string="plugins/com.agitar.eclipse.api_6.0.0.000016/lib/xalan.jar" /><diagnostic type="string" string="../../../platforms/linux/x86_64/eclipse/plugins/org.junit_4.10.0.v4_10_0_v20120426-0900/junit.jar" /></diagnostic><diagnostic type="number" number="7.0" string="7" key="thread.count.final" /><diagnostic type="fraction" numerator="0" denominator="6" number="0.0" string="0/6 (0%)" key="mockingbird.ratio.total" /><diagnostic type="string" string="190" key="timing.Loading" /><diagnostic type="number" number="59.0" string="59" key="memory.used.final" /><diagnostic type="fraction" numerator="41" denominator="41" number="1.0" string="41/41 (100%)" key="class.creation" class="Fields" package="com.aexp.cicdmainframe.hpuftintegration.bvssuite" /><diagnostic type="string" string="Oracle Corporation" key="java.vendor" /><diagnostic type="list" key="classpath.expert"><diagnostic type="string" string="plugins/com.agitar.experts.struts_6.0.0.000016/com.agitar.experts.struts.jar" /><diagnostic type="string" string="plugins/com.agitar.experts.hibernate_6.0.0.000016/com.agitar.experts.hibernate.jar" /><diagnostic type="string" string="plugins/com.agitar.experts.spring_6.0.0.000016/com.agitar.experts.spring.jar" /><diagnostic type="string" string="plugins/com.agitar.experts.j2ee_6.0.0.000016/com.agitar.experts.j2ee.jar" /><diagnostic type="string" string="plugins/com.agitar.experts.jsf_6.0.0.000016/com.agitar.experts.jsf.jar" /></diagnostic><diagnostic type="fraction" numerator="1" denominator="1" number="1.0" string="1/1 (100%)" key="coverage.testgen" fullmethod="getRelatedEntities()" method="getRelatedEntities()" class="Entity" package="com.aexp.cicdmainframe.hpuftintegration.bvssuite" /><diagnostic type="string" string="128" key="timing.Exception" /><diagnostic type="fraction" numerator="1" denominator="1" number="1.0" string="1/1 (100%)" key="coverage.agitation" fullmethod="getFields()" method="getFields()" class="Entity" package="com.aexp.cicdmainframe.hpuftintegration.bvssuite" /></diagnostics></report>