<?xml version="1.0" encoding="UTF-8"?>
<!DOCTYPE log4j:configuration SYSTEM "log4j.dtd">

<log4j:configuration xmlns:log4j="http://jakarta.apache.org/log4j/" debug="false">

	<appender name="CONSOLE" class="org.apache.log4j.ConsoleAppender">
		<param name="Target" value="System.out" />
		<param name="Threshold" value="INFO" />
		<layout class="org.apache.log4j.PatternLayout">
			<param name="ConversionPattern" value="%d{yyyy-MM-dd HH:mm:ss} %-5p %c{1}:%L - %m%n" />
		</layout>

	</appender>


	<appender name="FILELOG_DAILY" class="org.apache.log4j.DailyRollingFileAppender">
		<param name="File" value="C:/0logs/HPUFTIntegration/HPUFTIntegration.log" />
		<param name="DatePattern" value="'.'yyyy-MM-dd" />
		<param name="Append" value="true" />
		<layout class="org.apache.log4j.PatternLayout">
			<param name="ConversionPattern" value="%d{yyyy-MM-dd HH:mm:ss} %-5p %c{1}:%L - %m%n" />
		</layout>
	</appender>

	<appender name="FILELOGERROR_DAILY" class="org.apache.log4j.DailyRollingFileAppender">
		<param name="Threshold" value="ERROR" />
		<param name="File" value="C:/0logs/HPUFTIntegration/HPUFTIntegration_error.log" />
		<param name="DatePattern" value="'.'yyyy-MM-dd" />
		<param name="Append" value="true" />
		<layout class="org.apache.log4j.PatternLayout">
			<param name="ConversionPattern" value="%d{yyyy-MM-dd HH:mm:ss} %-5p %c{1}:%L - %m%n" />
		</layout>
	</appender>

	<!-- ================ -->
	<!-- Limit loggers -->
	<!-- ================ -->

	<logger name="org.apache.commons">
		<level value="WARN" />
	</logger>
	<!-- ======================= -->
	<!-- Setup the Root logger -->
	<!-- ======================= -->

	<root>
		<appender-ref ref="CONSOLE" />
		<appender-ref ref="FILELOG_DAILY" />
		<appender-ref ref="FILELOGERROR_DAILY" />
	</root>

</log4j:configuration>
