<?xml version="1.0" encoding="UTF-8"?>
<checkstyle version="5.6">
<file name="C:\Users\schalav\workspace\HpUftIntegration\src\com\aexp\cicdmainframe\hpuftintegration\authetication\AuthenticationDetails.java">
<error line="21" severity="info" message="com.aexp.cicdmainframe.hpuftintegration.authetication.AuthenticationDetails" source="com.agitar.rules.InnerClassCheck"/>
</file>
<file name="C:\Users\schalav\workspace\HpUftIntegration\src\com\aexp\cicdmainframe\hpuftintegration\bvssuite\BuildVerificationRunDetails.java">
<error line="26" severity="info" message="com.aexp.cicdmainframe.hpuftintegration.bvssuite.BuildVerificationRunDetails" source="com.agitar.rules.InnerClassCheck"/>
</file>
<file name="C:\Users\schalav\workspace\HpUftIntegration\src\com\aexp\cicdmainframe\hpuftintegration\bvssuite\BuildVerificationRunDetailsResponse.java">
<error line="6" severity="info" message="com.aexp.cicdmainframe.hpuftintegration.bvssuite.BuildVerificationRunDetailsResponse" source="com.agitar.rules.InnerClassCheck"/>
</file>
<file name="C:\Users\schalav\workspace\HpUftIntegration\src\com\aexp\cicdmainframe\hpuftintegration\bvssuite\BuildVerificationSuiteExecution.java">
<error line="26" severity="info" message="com.aexp.cicdmainframe.hpuftintegration.bvssuite.BuildVerificationSuiteExecution" source="com.agitar.rules.InnerClassCheck"/>
</file>
<file name="C:\Users\schalav\workspace\HpUftIntegration\src\com\aexp\cicdmainframe\hpuftintegration\bvssuite\BuildVerificationSuiteExecutionResponse.java">
<error line="3" severity="info" message="com.aexp.cicdmainframe.hpuftintegration.bvssuite.BuildVerificationSuiteExecutionResponse" source="com.agitar.rules.InnerClassCheck"/>
</file>
<file name="C:\Users\schalav\workspace\HpUftIntegration\src\com\aexp\cicdmainframe\hpuftintegration\bvssuite\Entities.java">
<error line="10" severity="info" message="com.aexp.cicdmainframe.hpuftintegration.bvssuite.Entities" source="com.agitar.rules.InnerClassCheck"/>
</file>
<file name="C:\Users\schalav\workspace\HpUftIntegration\src\com\aexp\cicdmainframe\hpuftintegration\bvssuite\Entity.java">
<error line="9" severity="info" message="com.aexp.cicdmainframe.hpuftintegration.bvssuite.Entity" source="com.agitar.rules.InnerClassCheck"/>
</file>
<file name="C:\Users\schalav\workspace\HpUftIntegration\src\com\aexp\cicdmainframe\hpuftintegration\bvssuite\Field.java">
<error line="9" severity="info" message="com.aexp.cicdmainframe.hpuftintegration.bvssuite.Field" source="com.agitar.rules.InnerClassCheck"/>
</file>
<file name="C:\Users\schalav\workspace\HpUftIntegration\src\com\aexp\cicdmainframe\hpuftintegration\bvssuite\Fields.java">
<error line="9" severity="info" message="com.aexp.cicdmainframe.hpuftintegration.bvssuite.Fields" source="com.agitar.rules.InnerClassCheck"/>
</file>
<file name="C:\Users\schalav\workspace\HpUftIntegration\src\com\aexp\cicdmainframe\hpuftintegration\bvssuite\StartBuildVerificationSuite.java">
<error line="19" severity="info" message="com.aexp.cicdmainframe.hpuftintegration.bvssuite.StartBuildVerificationSuite" source="com.agitar.rules.InnerClassCheck"/>
<error line="51" severity="info" message="Unused local variable: authentcateDetailsMap" source="Avoid Unused Local Variables"/>
<error line="142" severity="info" message="Unused local variable: certificateDetailsPath" source="Avoid Unused Local Variables"/>
</file>
<file name="C:\Users\schalav\workspace\HpUftIntegration\src\com\aexp\cicdmainframe\hpuftintegration\bvssuite\StartRunProcedureResponse.java">
<error line="3" severity="info" message="com.aexp.cicdmainframe.hpuftintegration.bvssuite.StartRunProcedureResponse" source="com.agitar.rules.InnerClassCheck"/>
</file>
<file name="C:\Users\schalav\workspace\HpUftIntegration\src\com\aexp\cicdmainframe\hpuftintegration\bvssuite\StartRunProcessResponse.java">
<error line="3" severity="info" message="com.aexp.cicdmainframe.hpuftintegration.bvssuite.StartRunProcessResponse" source="com.agitar.rules.InnerClassCheck"/>
</file>
<file name="C:\Users\schalav\workspace\HpUftIntegration\src\com\aexp\cicdmainframe\hpuftintegration\exception\HPUFTIntegrationException.java">
<error line="3" severity="info" message="com.aexp.cicdmainframe.hpuftintegration.exception.HPUFTIntegrationException" source="com.agitar.rules.InnerClassCheck"/>
</file>
<file name="C:\Users\schalav\workspace\HpUftIntegration\src\com\aexp\cicdmainframe\hpuftintegration\HPUFTIntegrationBase.java">
<error line="6" severity="info" message="com.aexp.cicdmainframe.hpuftintegration.HPUFTIntegrationBase" source="com.agitar.rules.InnerClassCheck"/>
</file>
<file name="C:\Users\schalav\workspace\HpUftIntegration\src\com\aexp\cicdmainframe\hpuftintegration\HPUFTIntegrationConstants.java">
<error line="3" severity="info" message="com.aexp.cicdmainframe.hpuftintegration.HPUFTIntegrationConstants" source="com.agitar.rules.InnerClassCheck"/>
</file>
<file name="C:\Users\schalav\workspace\HpUftIntegration\src\com\aexp\cicdmainframe\hpuftintegration\HPUFTIntegrationUtil.java">
<error line="23" severity="info" message="com.aexp.cicdmainframe.hpuftintegration.HPUFTIntegrationUtil" source="com.agitar.rules.InnerClassCheck"/>
</file>
<file name="C:\Users\schalav\workspace\HpUftIntegration\src\com\aexp\cicdmainframe\hpuftintegration\PropertiesCache.java">
<error line="14" severity="info" message="com.aexp.cicdmainframe.hpuftintegration.PropertiesCache" source="com.agitar.rules.InnerClassCheck"/>
<error line="79" severity="info" message="com.aexp.cicdmainframe.hpuftintegration.PropertiesCache$1" source="com.agitar.rules.InnerClassCheck"/>
<error line="80" severity="info" message="com.aexp.cicdmainframe.hpuftintegration.PropertiesCache" source="com.agitar.rules.InnerClassCheck"/>
</file>
<file name="C:\Users\schalav\workspace\HpUftIntegration\src\com\aexp\cicdmainframe\hpuftintegration\StartRunProcedure.java">
<error line="36" severity="info" message="com.aexp.cicdmainframe.hpuftintegration.StartRunProcedure" source="com.agitar.rules.InnerClassCheck"/>
<error line="47" severity="info" message="Unused local variable: certificateDetailsPath" source="Avoid Unused Local Variables"/>
<error line="113" severity="info" message="Unused local variable: authentcateDetailsMap" source="Avoid Unused Local Variables"/>
</file>
<file name="C:\Users\schalav\workspace\HpUftIntegration\bin\com\aexp\cicdmainframe\hpuftintegration\authetication\AuthenticationDetails.class">
<error line="0" severity="info" message="com.aexp.cicdmainframe.hpuftintegration.authetication.AuthenticationDetails" source="com.agitar.rules.InnerClassCheck"/>
<error line="0" severity="error" message="java.lang.IllegalArgumentException at com.agitar.org.objectweb.asm.ClassReader.&lt;init&gt;(ClassReader.java:170)" source="Avoid unused private fields"/>
<error line="91" severity="warning" message="Use &lt;String&gt;.equals() to compare strings, not ==" source="Use &apos;equals ()&apos; when comparing Strings"/>
</file>
<file name="C:\Users\schalav\workspace\HpUftIntegration\bin\com\aexp\cicdmainframe\hpuftintegration\bvssuite\BuildVerificationRunDetails.class">
<error line="0" severity="info" message="com.aexp.cicdmainframe.hpuftintegration.bvssuite.BuildVerificationRunDetails" source="com.agitar.rules.InnerClassCheck"/>
</file>
<file name="C:\Users\schalav\workspace\HpUftIntegration\bin\com\aexp\cicdmainframe\hpuftintegration\bvssuite\BuildVerificationRunDetailsResponse.class">
<error line="0" severity="info" message="com.aexp.cicdmainframe.hpuftintegration.bvssuite.BuildVerificationRunDetailsResponse" source="com.agitar.rules.InnerClassCheck"/>
</file>
<file name="C:\Users\schalav\workspace\HpUftIntegration\bin\com\aexp\cicdmainframe\hpuftintegration\bvssuite\BuildVerificationSuiteExecution.class">
<error line="0" severity="info" message="com.aexp.cicdmainframe.hpuftintegration.bvssuite.BuildVerificationSuiteExecution" source="com.agitar.rules.InnerClassCheck"/>
</file>
<file name="C:\Users\schalav\workspace\HpUftIntegration\bin\com\aexp\cicdmainframe\hpuftintegration\bvssuite\BuildVerificationSuiteExecutionResponse.class">
<error line="0" severity="info" message="com.aexp.cicdmainframe.hpuftintegration.bvssuite.BuildVerificationSuiteExecutionResponse" source="com.agitar.rules.InnerClassCheck"/>
</file>
<file name="C:\Users\schalav\workspace\HpUftIntegration\bin\com\aexp\cicdmainframe\hpuftintegration\bvssuite\Entities.class">
<error line="0" severity="info" message="com.aexp.cicdmainframe.hpuftintegration.bvssuite.Entities" source="com.agitar.rules.InnerClassCheck"/>
</file>
<file name="C:\Users\schalav\workspace\HpUftIntegration\bin\com\aexp\cicdmainframe\hpuftintegration\bvssuite\Entity.class">
<error line="0" severity="info" message="com.aexp.cicdmainframe.hpuftintegration.bvssuite.Entity" source="com.agitar.rules.InnerClassCheck"/>
</file>
<file name="C:\Users\schalav\workspace\HpUftIntegration\bin\com\aexp\cicdmainframe\hpuftintegration\bvssuite\Field.class">
<error line="0" severity="info" message="com.aexp.cicdmainframe.hpuftintegration.bvssuite.Field" source="com.agitar.rules.InnerClassCheck"/>
</file>
<file name="C:\Users\schalav\workspace\HpUftIntegration\bin\com\aexp\cicdmainframe\hpuftintegration\bvssuite\Fields.class">
<error line="0" severity="info" message="com.aexp.cicdmainframe.hpuftintegration.bvssuite.Fields" source="com.agitar.rules.InnerClassCheck"/>
</file>
<file name="C:\Users\schalav\workspace\HpUftIntegration\bin\com\aexp\cicdmainframe\hpuftintegration\bvssuite\StartBuildVerificationSuite.class">
<error line="0" severity="info" message="com.aexp.cicdmainframe.hpuftintegration.bvssuite.StartBuildVerificationSuite" source="com.agitar.rules.InnerClassCheck"/>
<error line="26" severity="error" message="Cyclomatic Complexity is 19. Max allowed is 15" source="Cyclomatic complexity (Agitar)"/>
</file>
<file name="C:\Users\schalav\workspace\HpUftIntegration\bin\com\aexp\cicdmainframe\hpuftintegration\bvssuite\StartRunProcedureResponse.class">
<error line="0" severity="info" message="com.aexp.cicdmainframe.hpuftintegration.bvssuite.StartRunProcedureResponse" source="com.agitar.rules.InnerClassCheck"/>
</file>
<file name="C:\Users\schalav\workspace\HpUftIntegration\bin\com\aexp\cicdmainframe\hpuftintegration\bvssuite\StartRunProcessResponse.class">
<error line="0" severity="info" message="com.aexp.cicdmainframe.hpuftintegration.bvssuite.StartRunProcessResponse" source="com.agitar.rules.InnerClassCheck"/>
</file>
<file name="C:\Users\schalav\workspace\HpUftIntegration\bin\com\aexp\cicdmainframe\hpuftintegration\exception\HPUFTIntegrationException.class">
<error line="0" severity="info" message="com.aexp.cicdmainframe.hpuftintegration.exception.HPUFTIntegrationException" source="com.agitar.rules.InnerClassCheck"/>
</file>
<file name="C:\Users\schalav\workspace\HpUftIntegration\bin\com\aexp\cicdmainframe\hpuftintegration\HPUFTIntegrationBase.class">
<error line="0" severity="info" message="com.aexp.cicdmainframe.hpuftintegration.HPUFTIntegrationBase" source="com.agitar.rules.InnerClassCheck"/>
</file>
<file name="C:\Users\schalav\workspace\HpUftIntegration\bin\com\aexp\cicdmainframe\hpuftintegration\HPUFTIntegrationConstants.class">
<error line="0" severity="info" message="com.aexp.cicdmainframe.hpuftintegration.HPUFTIntegrationConstants" source="com.agitar.rules.InnerClassCheck"/>
</file>
<file name="C:\Users\schalav\workspace\HpUftIntegration\bin\com\aexp\cicdmainframe\hpuftintegration\HPUFTIntegrationUtil.class">
<error line="0" severity="info" message="com.aexp.cicdmainframe.hpuftintegration.HPUFTIntegrationUtil" source="com.agitar.rules.InnerClassCheck"/>
</file>
<file name="C:\Users\schalav\workspace\HpUftIntegration\bin\com\aexp\cicdmainframe\hpuftintegration\PropertiesCache$1.class">
<error line="0" severity="info" message="com.aexp.cicdmainframe.hpuftintegration.PropertiesCache$1" source="com.agitar.rules.InnerClassCheck"/>
</file>
<file name="C:\Users\schalav\workspace\HpUftIntegration\bin\com\aexp\cicdmainframe\hpuftintegration\PropertiesCache.class">
<error line="0" severity="info" message="com.aexp.cicdmainframe.hpuftintegration.PropertiesCache" source="com.agitar.rules.InnerClassCheck"/>
</file>
<file name="C:\Users\schalav\workspace\HpUftIntegration\bin\com\aexp\cicdmainframe\hpuftintegration\StartRunProcedure.class">
<error line="0" severity="info" message="com.aexp.cicdmainframe.hpuftintegration.StartRunProcedure" source="com.agitar.rules.InnerClassCheck"/>
</file>
</checkstyle>
